Bin	Id	#	markers	marker	Contamination	ambiguous	#
3300003783-bin.1	k__Bacteria	34.57	1.71	611898	135	50.3	736
3300003783-bin.2	k__Bacteria	14.82	0.00	625142	162	40.9	617
3300003783-bin.3	o__Actinomycetales	57.29	0.59	690687	129	46.3	823
3300003785-bin.1	o__Burkholderiales	66.42	3.39	1406127	262	46.5	1648
3300003787-bin.1	root	0.00	0.00	330688	32	37.0	408
3300003787-bin.2	k__Archaea	3.51	0.50	208904	24	43.7	282
3300003787-bin.3	o__Actinomycetales	72.13	3.24	919858	141	46.5	1065
3300003787-bin.4	k__Bacteria	75.83	2.99	1035729	202	50.6	1250
3300003787-bin.5	k__Bacteria	49.84	1.35	1291082	272	41.9	1282
3300003787-bin.6	o__Burkholderiales	63.60	3.97	1081209	213	46.2	1269
3300003787-bin.7	k__Bacteria	0.00	0.00	314985	32	40.1	383
3300003787-bin.8	root	0.00	0.00	266706	15	38.6	342
3300003789-bin.1	k__Bacteria	36.44	0.31	245192	66	36.1	261
3300003789-bin.2	k__Bacteria	59.93	0.00	750311	166	62.1	887
3300003789-bin.3	k__Bacteria	30.49	0.85	654015	156	54.5	781
3300003789-bin.4	root	0.00	0.00	354996	35	39.9	429
3300003789-bin.5	k__Bacteria	53.41	0.42	1220254	277	41.1	1189
3300003789-bin.6	root	0.00	0.00	324480	42	39.9	461
3300003789-bin.7	k__Bacteria	78.49	8.40	1123624	166	50.5	1259
3300003789-bin.8	o__Actinomycetales	36.94	1.05	508744	101	46.2	606
3300003793-bin.1	o__Burkholderiales	78.44	1.16	1568981	248	46.5	1801
3300003795-bin.1	k__Bacteria	55.36	0.82	1289897	310	45.5	1440
3300003795-bin.2	k__Bacteria	71.17	2.75	1727907	364	45.7	1921
3300003795-bin.3	k__Bacteria	75.17	0.00	1721107	234	46.4	2008
3300003796-bin.1	k__Bacteria	70.38	0.86	506488	91	35.2	565
3300003796-bin.2	o__Actinomycetales	21.42	0.00	324120	78	45.9	410
3300003796-bin.3	o__Burkholderiales	52.13	0.29	1084997	245	46.5	1298
3300003796-bin.4	root	0.00	0.00	295956	43	39.1	378
3300003796-bin.5	o__Actinomycetales	83.31	6.32	1510494	157	50.0	1605
3300003796-bin.6	k__Bacteria	18.59	0.00	313644	95	62.9	392
3300003796-bin.7	k__Bacteria	75.64	4.04	1030613	191	50.6	1227
3300003796-bin.8	k__Bacteria	85.48	0.00	685750	58	40.1	741
3300003797-bin.1	k__Bacteria	12.93	0.00	238860	71	46.2	290
3300003797-bin.2	k__Archaea	2.97	0.00	372962	78	30.6	456
3300003797-bin.3	k__Bacteria	36.75	1.19	550402	126	50.5	649
3300003797-bin.4	k__Bacteria	35.50	0.00	1258658	260	41.4	1226
3300003797-bin.5	o__Actinomycetales	68.37	1.18	1049864	185	50.2	1181
3300003797-bin.6	root	0.00	0.00	309986	30	38.7	400
3300003797-bin.7	k__Bacteria	64.64	1.28	1017316	196	63.0	1183
3300003800-bin.1	k__Bacteria	31.36	0.00	707620	198	45.6	800
3300003800-bin.2	k__Bacteria	75.17	1.72	1660818	260	46.4	1982
3300003800-bin.3	k__Bacteria	84.48	3.59	2063405	357	45.8	2213
3300003803-bin.1	o__Burkholderiales	84.91	2.80	1711531	233	46.6	1981
3300003805-bin.1	k__Bacteria	14.14	0.00	279626	72	54.6	327
3300003805-bin.2	k__Bacteria	69.95	1.48	1836849	378	46.0	1978
3300003805-bin.3	k__Bacteria	56.03	1.72	1104467	244	46.7	1306
3300003806-bin.1	k__Bacteria	23.28	0.00	235482	59	45.7	302
3300003806-bin.2	root	0.00	0.00	366717	59	37.1	487
3300003806-bin.3	k__Bacteria	63.41	1.04	1708828	323	54.4	1807
3300003806-bin.4	k__Archaea	4.37	0.29	320020	74	45.4	386
3300003806-bin.5	root	0.00	0.00	200307	35	36.7	239
3300003806-bin.6	k__Bacteria	31.16	3.42	576919	139	50.4	698
3300003807-bin.1	o__Actinomycetales	44.29	1.11	577211	116	46.2	695
3300003807-bin.2	k__Bacteria	50.47	1.28	720848	160	50.5	882
3300003807-bin.3	k__Bacteria	60.35	0.43	862417	180	54.7	1021
3300003808-bin.1	k__Bacteria	16.14	0.00	235331	69	50.8	301
3300003808-bin.2	k__Bacteria	80.88	0.00	556499	88	35.1	622
3300003808-bin.3	k__Bacteria	73.50	2.14	1034205	198	50.5	1216
3300003808-bin.4	k__Archaea	3.51	0.36	222638	7	52.3	279
3300003808-bin.5	o__Burkholderiales	27.66	0.03	408552	110	46.3	503
3300003809-bin.1	k__Bacteria	56.16	0.43	747335	164	50.5	928
3300003809-bin.2	o__Actinomycetales	73.09	3.55	1280729	196	50.0	1404
3300003809-bin.3	k__Bacteria	98.99	7.30	2328597	53	55.3	2132
3300003809-bin.4	o__Burkholderiales	73.11	3.85	1602944	313	46.4	1919
3300003809-bin.5	o__Actinomycetales	69.85	2.02	1192408	192	52.4	1358
3300003809-bin.6	k__Archaea	3.04	0.50	397046	58	45.1	461
3300003809-bin.7	k__Bacteria	1.91	0.00	316850	82	41.2	315
3300003812-bin.1	k__Bacteria	10.34	0.00	267149	80	41.0	263
3300003812-bin.2	k__Archaea	3.51	0.36	201742	6	52.3	255
3300003812-bin.3	k__Bacteria	54.90	2.21	810615	173	50.5	996
3300003812-bin.4	c__Betaproteobacteria	29.84	1.09	362477	92	36.8	453
3300003813-bin.1	o__Burkholderiales	80.97	3.86	1735891	273	46.4	1956
3300003813-bin.10	k__Bacteria	13.56	0.16	450256	117	41.2	432
3300003813-bin.2	o__Actinomycetales	30.10	0.65	595576	142	51.9	725
3300003813-bin.3	k__Bacteria	22.92	1.37	605491	117	63.7	698
3300003813-bin.4	k__Archaea	4.91	0.50	438937	7	45.4	465
3300003813-bin.5	k__Bacteria	98.99	2.74	2297090	55	55.4	2094
3300003813-bin.6	o__Burkholderiales	70.89	3.98	1170280	219	46.2	1351
3300003813-bin.7	k__Bacteria	29.31	0.00	691056	165	64.9	830
3300003813-bin.8	o__Actinomycetales	74.05	5.44	1287767	208	50.1	1405
3300003813-bin.9	k__Bacteria	76.85	5.98	1031746	193	50.6	1227
3300003814-bin.1	k__Archaea	3.51	0.36	207213	18	43.8	273
3300003814-bin.2	k__Bacteria	71.38	1.69	1872229	233	41.8	1759
3300003814-bin.3	k__Bacteria	58.38	2.99	797658	186	50.6	990
3300003814-bin.4	k__Bacteria	94.87	1.47	1312782	159	63.1	1442
3300003814-bin.5	k__Bacteria	19.14	0.00	350204	92	51.9	422
3300003814-bin.6	k__Archaea	2.66	0.00	255187	65	31.6	283
3300003814-bin.7	o__Actinomycetales	53.17	1.75	896402	163	50.2	999
3300003814-bin.8	o__Burkholderiales	83.78	5.32	1780663	322	46.4	2098
3300003815-bin.1	o__Actinomycetales	36.85	1.95	507791	108	46.1	604
3300003815-bin.2	k__Bacteria	56.13	3.42	882932	177	50.5	1060
3300003815-bin.3	k__Bacteria	71.86	3.21	996761	195	54.5	1158
3300003819-bin.1	k__Bacteria	19.90	0.85	497927	102	63.6	610
3300003819-bin.10	k__Archaea	3.44	0.00	439114	50	45.2	484
3300003819-bin.2	k__Archaea	3.44	0.36	214974	16	56.2	284
3300003819-bin.3	k__Bacteria	62.37	1.07	831945	171	62.8	963
3300003819-bin.4	o__Burkholderiales	83.70	2.40	1772789	294	46.3	2044
3300003819-bin.5	root	12.50	0.00	667296	158	64.8	772
3300003819-bin.6	k__Bacteria	98.31	1.39	2223551	78	55.4	2066
3300003819-bin.7	k__Bacteria	76.57	2.57	532944	85	39.5	606
3300003819-bin.8	o__Burkholderiales	60.73	1.43	976213	200	46.1	1138
3300003819-bin.9	o__Actinomycetales	77.75	2.70	1332094	180	50.0	1441
3300003820-bin.1	root	0.00	0.00	296308	40	36.4	345
3300003820-bin.2	k__Bacteria	36.66	1.28	560493	125	50.4	676
3300003820-bin.3	k__Bacteria	0.00	0.00	302184	31	35.7	399
3300003820-bin.4	root	0.00	0.00	260100	9	35.4	392
3300003820-bin.5	k__Bacteria	26.61	0.00	291074	84	62.5	367
3300003821-bin.1	o__Burkholderiales	79.54	2.45	1669206	249	46.4	1930
3300003821-bin.2	o__Burkholderiales	74.89	1.56	2013121	372	40.2	2214
3300003823-bin.1	o__Burkholderiales	11.96	0.03	254459	78	46.3	324
3300003823-bin.2	k__Bacteria	15.09	0.00	430971	113	52.0	523
3300003823-bin.3	c__Betaproteobacteria	26.36	0.00	437836	118	52.0	543
3300003823-bin.4	root	0.00	0.00	297395	19	37.8	375
3300003823-bin.5	k__Bacteria	33.42	0.43	311405	92	62.9	392
3300003823-bin.6	root	0.00	0.00	344036	40	57.9	420
3300003823-bin.7	k__Bacteria	8.62	0.00	222743	61	49.9	275
3300003823-bin.8	o__Actinomycetales	61.32	5.04	1141628	161	50.1	1227
3300003823-bin.9	k__Bacteria	8.62	0.00	387617	120	56.2	462
3300003824-bin.1	root	8.33	0.00	722944	142	44.7	842
3300003824-bin.2	k__Bacteria	7.77	0.16	259516	73	52.2	326
3300003824-bin.3	o__Actinomycetales	83.61	3.68	1474517	107	50.1	1538
3300003824-bin.4	o__Burkholderiales	74.25	2.84	1638883	313	46.2	1936
3300003824-bin.5	c__Gammaproteobacteria	58.31	1.36	1900124	408	48.0	2068
3300003824-bin.6	p__Bacteroidetes	61.12	0.49	2134962	467	35.5	1912
3300003826-bin.1	k__Bacteria	35.50	0.00	697901	150	50.0	796
3300003826-bin.2	o__Burkholderiales	78.72	1.69	1726158	237	46.4	2006
3300003826-bin.3	k__Bacteria	54.84	0.34	2439265	483	56.2	2418
3300003826-bin.4	k__Bacteria	96.98	3.61	2451626	181	45.8	2436
3300003826-bin.5	k__Bacteria	8.86	1.72	410161	105	51.9	492
3300003826-bin.6	k__Bacteria	90.23	6.50	2559663	332	46.0	2669
3300003827-bin.1	root	0.00	0.00	258889	52	49.7	285
3300003827-bin.2	k__Bacteria	7.41	0.00	243573	43	64.4	281
3300003827-bin.3	o__Actinomycetales	45.59	2.25	700015	133	50.2	775
3300003827-bin.4	o__Burkholderiales	88.97	4.39	1852333	256	46.3	2092
3300003827-bin.5	k__Bacteria	15.38	0.00	263582	48	64.0	308
3300003827-bin.6	k__Bacteria	94.53	7.01	1275944	121	63.2	1395
3300003827-bin.7	k__Bacteria	82.26	2.63	2046632	259	55.2	2055
3300003827-bin.8	k__Bacteria	50.00	0.00	1224554	238	64.9	1381
3300003828-bin.1	k__Archaea	4.45	0.50	447709	45	22.5	431
3300003828-bin.2	k__Archaea	4.45	0.58	396855	55	35.4	421
3300003828-bin.3	k__Bacteria	60.34	0.86	1641017	286	46.4	1932
3300003828-bin.4	c__Gammaproteobacteria	51.13	0.74	1639387	382	48.1	1810
3300004095-bin.1	k__Bacteria	18.42	0.00	234576	55	50.1	272
3300004095-bin.10	k__Bacteria	19.61	0.00	711343	201	34.5	680
3300004095-bin.11	k__Bacteria	34.66	0.00	1077354	270	40.2	1217
3300004095-bin.12	k__Bacteria	11.21	0.00	293189	85	63.9	353
3300004095-bin.13	k__Bacteria	4.31	0.00	255953	74	61.9	287
3300004095-bin.14	root	0.00	0.00	287175	49	61.2	364
3300004095-bin.2	p__Bacteroidetes	42.43	0.00	1767845	425	38.3	1704
3300004095-bin.3	root	0.00	0.00	302696	33	37.3	487
3300004095-bin.4	root	0.00	0.00	307218	49	31.8	471
3300004095-bin.5	k__Bacteria	23.97	0.68	732344	160	41.0	722
3300004095-bin.6	k__Bacteria	94.97	2.10	2011814	169	55.5	1909
3300004095-bin.7	root	0.00	0.00	247522	44	37.0	309
3300004095-bin.8	p__Bacteroidetes	34.12	0.00	1693395	460	45.1	1807
3300004095-bin.9	k__Archaea	4.55	0.22	310889	49	45.7	338
3300004684-bin.1	k__Archaea	3.04	0.29	326530	67	46.3	399
3300004684-bin.10	root	0.00	0.00	281587	34	39.3	409
3300004684-bin.11	k__Archaea	4.39	0.14	372989	57	45.3	394
3300004684-bin.2	k__Bacteria	17.24	0.00	639563	180	48.5	732
3300004684-bin.3	root	0.00	0.00	247062	45	39.6	299
3300004684-bin.4	k__Archaea	4.62	0.00	291796	49	45.5	338
3300004684-bin.5	root	0.00	0.00	258314	32	36.3	280
3300004684-bin.6	root	4.17	0.00	388122	71	28.0	536
3300004684-bin.7	c__Gammaproteobacteria	61.43	1.47	1860500	379	62.3	1967
3300004684-bin.8	k__Bacteria	25.00	0.00	415379	106	64.2	470
3300004684-bin.9	root	0.00	0.00	311055	7	29.9	417
3300004685-bin.1	k__Archaea	3.80	0.00	230127	53	45.6	282
3300004685-bin.10	root	20.83	0.00	307337	79	50.1	368
3300004685-bin.11	k__Bacteria	12.23	0.00	1045341	296	44.8	1172
3300004685-bin.12	k__Bacteria	27.59	0.00	1161268	290	49.0	1261
3300004685-bin.13	root	0.00	0.00	291479	22	43.3	391
3300004685-bin.14	k__Bacteria	8.62	0.00	328999	95	44.9	385
3300004685-bin.15	k__Bacteria	18.10	0.00	275718	73	51.1	294
3300004685-bin.16	k__Bacteria	24.48	0.00	809856	151	40.9	771
3300004685-bin.17	k__Archaea	4.55	0.00	209867	47	25.1	212
3300004685-bin.18	k__Bacteria	20.27	0.00	698350	207	35.1	728
3300004685-bin.2	root	0.00	0.00	276085	48	38.6	379
3300004685-bin.3	root	0.00	0.00	241213	48	37.3	357
3300004685-bin.4	k__Bacteria	19.04	0.00	517502	141	42.9	570
3300004685-bin.5	k__Bacteria	22.24	0.00	564005	139	48.8	622
3300004685-bin.6	c__Betaproteobacteria	18.61	0.00	243968	60	43.7	288
3300004685-bin.7	k__Archaea	5.38	0.36	414445	59	43.6	464
3300004685-bin.8	root	0.00	0.00	248600	39	35.6	353
3300004685-bin.9	root	0.00	0.00	256789	53	51.4	342
3300004686-bin.1	k__Bacteria	11.21	0.00	512416	140	53.8	569
3300004686-bin.10	root	0.00	0.00	289598	31	39.5	408
3300004686-bin.11	k__Bacteria	15.67	0.00	653550	188	44.4	698
3300004686-bin.12	root	0.00	0.00	220119	51	42.6	301
3300004686-bin.13	c__Betaproteobacteria	28.93	0.00	354816	92	36.2	431
3300004686-bin.14	p__Bacteroidetes	28.44	0.00	613314	145	34.6	638
3300004686-bin.15	o__Burkholderiales	19.41	0.00	414938	118	56.7	478
3300004686-bin.16	c__Betaproteobacteria	33.63	0.50	1134459	274	51.0	1305
3300004686-bin.2	k__Bacteria	28.06	0.03	827632	165	41.1	798
3300004686-bin.3	k__Bacteria	10.75	0.00	331267	100	55.1	391
3300004686-bin.4	k__Bacteria	0.00	0.00	256005	41	40.4	327
3300004686-bin.5	p__Bacteroidetes	38.94	0.00	1035785	256	34.4	991
3300004686-bin.6	root	0.00	0.00	297184	44	40.5	409
3300004686-bin.7	o__Burkholderiales	20.13	0.00	579626	163	42.9	629
3300004686-bin.8	k__Bacteria	77.68	0.00	1665218	243	40.6	1543
3300004686-bin.9	root	0.00	0.00	303815	36	39.5	434
3300004687-bin.1	c__Gammaproteobacteria	94.24	0.91	2090964	201	54.9	1998
3300004687-bin.10	o__Burkholderiales	31.82	0.23	773204	198	43.2	863
3300004687-bin.11	o__Burkholderiales	57.49	0.43	1387968	277	37.9	1563
3300004687-bin.2	root	0.00	0.00	246353	38	35.9	356
3300004687-bin.3	k__Archaea	2.73	0.14	299377	65	32.3	383
3300004687-bin.4	k__Bacteria	67.57	0.00	1134748	238	39.2	1252
3300004687-bin.5	p__Bacteroidetes	62.62	0.76	2151706	383	34.8	2136
3300004687-bin.6	k__Bacteria	12.07	0.00	726632	192	48.1	822
3300004687-bin.7	k__Archaea	5.70	0.00	205068	49	25.4	214
3300004687-bin.8	k__Bacteria	24.53	3.92	586582	157	35.8	676
3300004687-bin.9	k__Bacteria	52.74	0.00	1301912	287	43.3	1469
3300004691-bin.1	k__Archaea	4.45	0.43	350256	47	37.1	483
3300004691-bin.2	k__Bacteria	16.54	0.34	394631	122	61.2	441
3300004691-bin.3	k__Archaea	2.58	0.36	253306	24	49.3	283
3300004692-bin.1	k__Bacteria	5.17	0.00	213317	67	48.8	241
3300004692-bin.10	k__Bacteria	14.34	0.00	390245	111	61.7	460
3300004692-bin.11	k__Bacteria	13.79	0.00	244361	72	54.9	311
3300004692-bin.12	root	0.00	0.00	345212	68	39.5	481
3300004692-bin.13	k__Bacteria	0.00	0.00	447482	72	37.9	586
3300004692-bin.14	root	0.00	0.00	290644	35	42.9	421
3300004692-bin.15	root	0.00	0.00	262573	78	35.5	231
3300004692-bin.2	k__Bacteria	6.74	0.00	208953	60	34.4	218
3300004692-bin.3	root	0.00	0.00	236370	43	38.1	274
3300004692-bin.4	k__Bacteria	17.24	0.00	400435	109	44.5	471
3300004692-bin.5	root	0.00	0.00	235600	32	32.8	409
3300004692-bin.6	k__Bacteria	29.89	0.00	997383	220	41.2	967
3300004692-bin.7	c__Betaproteobacteria	17.84	0.00	221619	54	36.1	278
3300004692-bin.8	root	0.00	0.00	296472	42	37.8	322
3300004692-bin.9	c__Gammaproteobacteria	90.93	0.57	2020933	287	55.1	2031
3300004694-bin.1	k__Bacteria	42.63	0.16	227559	61	39.2	271
3300004694-bin.2	root	0.00	0.00	221751	36	34.8	277
3300004694-bin.3	root	0.00	0.00	237774	37	36.1	297
3300004694-bin.4	root	0.00	0.00	210469	27	34.6	263
3300004694-bin.5	k__Archaea	1.53	0.00	293452	61	46.3	339
3300004694-bin.6	k__Bacteria	2.51	0.00	266846	77	53.1	301
3300004694-bin.7	k__Bacteria	29.60	0.72	977378	211	41.3	957
3300004770-bin.1	c__Betaproteobacteria	56.80	1.11	1807145	391	51.0	2080
3300004770-bin.10	root	0.00	0.00	408532	63	41.2	582
3300004770-bin.11	k__Bacteria	0.00	0.00	255695	20	39.3	387
3300004770-bin.12	root	0.00	0.00	262191	27	39.1	348
3300004770-bin.13	k__Bacteria	73.17	1.71	1191352	189	61.9	1343
3300004770-bin.14	root	0.00	0.00	396612	62	40.1	487
3300004770-bin.15	root	0.00	0.00	315983	55	33.2	311
3300004770-bin.16	root	0.00	0.00	442175	110	61.2	507
3300004770-bin.17	root	0.00	0.00	326571	28	37.9	427
3300004770-bin.18	o__Actinomycetales	28.53	0.53	493175	116	46.2	592
3300004770-bin.19	p__Bacteroidetes	40.80	0.25	1412886	347	35.5	1417
3300004770-bin.2	k__Bacteria	0.00	0.00	287220	19	40.8	378
3300004770-bin.20	k__Archaea	3.44	0.36	210872	12	56.2	272
3300004770-bin.21	k__Bacteria	0.00	0.00	290753	37	39.8	430
3300004770-bin.22	root	0.00	0.00	329573	15	37.4	524
3300004770-bin.23	k__Archaea	4.91	0.43	394457	58	45.3	439
3300004770-bin.24	k__Bacteria	0.00	0.00	313911	18	47.1	403
3300004770-bin.25	root	0.00	0.00	296945	93	42.7	330
3300004770-bin.26	k__Bacteria	98.31	1.35	2145117	60	55.4	1965
3300004770-bin.27	c__Gammaproteobacteria	11.87	0.02	385864	113	48.5	473
3300004770-bin.28	k__Bacteria	79.49	1.71	1504429	170	63.2	1659
3300004770-bin.29	k__Bacteria	26.88	0.00	489856	111	50.0	550
3300004770-bin.3	k__Bacteria	82.94	3.42	1909487	259	55.5	1991
3300004770-bin.30	root	20.83	0.00	912643	203	61.9	1028
3300004770-bin.31	c__Betaproteobacteria	69.54	0.87	1071048	174	44.1	1208
3300004770-bin.32	k__Bacteria	88.47	1.59	1689610	253	54.3	1745
3300004770-bin.33	root	0.00	0.00	336706	65	38.0	491
3300004770-bin.34	root	0.00	0.00	335640	33	39.3	467
3300004770-bin.35	root	0.00	0.00	279796	33	39.8	335
3300004770-bin.36	k__Archaea	5.38	0.50	416672	61	30.1	405
3300004770-bin.37	o__Burkholderiales	55.21	0.81	892812	207	46.0	1027
3300004770-bin.38	root	0.00	0.00	226402	45	38.0	319
3300004770-bin.39	k__Bacteria	8.90	0.00	575421	169	43.7	648
3300004770-bin.4	root	0.00	0.00	289584	47	37.3	363
3300004770-bin.40	root	0.00	0.00	201554	61	53.0	255
3300004770-bin.41	k__Bacteria	12.93	0.00	892872	181	44.9	1059
3300004770-bin.42	k__Bacteria	76.76	1.35	2101276	279	41.7	1945
3300004770-bin.43	c__Betaproteobacteria	62.80	0.53	1054092	206	52.3	1231
3300004770-bin.44	k__Bacteria	37.93	0.00	835442	186	49.6	991
3300004770-bin.5	k__Bacteria	73.22	1.28	1099974	193	54.5	1250
3300004770-bin.6	o__Actinomycetales	50.84	0.00	1054715	207	51.6	1140
3300004770-bin.7	o__Actinomycetales	51.94	2.21	765274	177	51.2	906
3300004770-bin.8	k__Bacteria	34.56	1.72	714279	185	50.1	824
3300004770-bin.9	k__Bacteria	42.32	0.00	1038983	225	49.4	1109
3300004777-bin.1	o__Rickettsiales	25.47	1.42	555411	135	36.2	638
3300004777-bin.10	k__Bacteria	79.92	3.10	2045131	289	59.6	2026
3300004777-bin.11	k__Bacteria	80.02	0.57	696522	57	39.4	767
3300004777-bin.12	k__Archaea	3.98	1.04	512044	44	46.5	553
3300004777-bin.13	c__Gammaproteobacteria	96.95	0.00	3147695	243	62.7	2934
3300004777-bin.14	c__Betaproteobacteria	98.08	0.15	3725706	162	50.8	3608
3300004777-bin.15	k__Bacteria	60.26	1.79	902136	174	50.5	1042
3300004777-bin.16	o__Actinomycetales	36.57	0.12	521667	117	46.1	636
3300004777-bin.17	k__Bacteria	15.52	0.00	570507	152	31.3	597
3300004777-bin.18	c__Betaproteobacteria	60.66	1.31	797475	139	36.4	939
3300004777-bin.19	k__Bacteria	26.72	0.00	560920	144	63.9	678
3300004777-bin.2	root	0.00	0.00	549461	178	29.4	453
3300004777-bin.20	k__Bacteria	35.34	1.72	895672	233	45.5	1076
3300004777-bin.21	k__Bacteria	5.75	0.00	603073	181	63.9	695
3300004777-bin.22	k__Bacteria	5.17	0.00	275035	78	46.8	349
3300004777-bin.23	k__Bacteria	75.68	1.49	1813690	321	61.7	1786
3300004777-bin.24	k__Bacteria	23.04	0.00	385100	112	47.2	471
3300004777-bin.25	k__Bacteria	14.66	0.00	252402	76	52.2	297
3300004777-bin.26	o__Actinomycetales	57.28	0.44	784416	172	53.3	914
3300004777-bin.27	k__Archaea	1.64	0.50	239994	51	35.1	246
3300004777-bin.28	root	0.00	0.00	255698	50	38.0	388
3300004777-bin.29	k__Archaea	3.51	0.50	346019	75	43.3	410
3300004777-bin.3	root	8.33	0.00	458039	141	35.2	510
3300004777-bin.30	k__Bacteria	46.11	0.00	789224	191	46.1	924
3300004777-bin.31	k__Bacteria	43.97	2.59	515498	134	50.3	591
3300004777-bin.32	k__Bacteria	76.67	1.50	984917	178	62.3	1121
3300004777-bin.33	k__Bacteria	89.87	2.03	1634502	211	61.8	1683
3300004777-bin.34	k__Bacteria	57.51	1.52	1564969	283	41.6	1540
3300004777-bin.35	k__Archaea	3.51	0.43	223645	9	54.5	282
3300004777-bin.36	o__Burkholderiales	58.31	0.53	1390184	303	37.9	1633
3300004777-bin.37	c__Gammaproteobacteria	53.44	1.07	1528653	320	54.3	1735
3300004777-bin.38	k__Bacteria	44.76	0.00	631723	154	61.7	742
3300004777-bin.39	k__Bacteria	18.97	0.00	719348	188	50.9	852
3300004777-bin.4	root	4.17	0.00	244699	76	67.7	291
3300004777-bin.40	k__Bacteria	34.93	1.28	909865	235	61.0	1102
3300004777-bin.5	o__Actinomycetales	32.07	0.54	477437	111	51.1	576
3300004777-bin.6	k__Archaea	4.84	2.43	439035	85	42.1	477
3300004777-bin.7	root	8.33	0.00	355206	104	43.5	428
3300004777-bin.8	k__Bacteria	53.61	0.00	1284391	270	40.1	1256
3300004777-bin.9	o__Burkholderiales	68.19	1.76	1920197	411	43.1	2123
3300004806-bin.1	k__Archaea	4.45	0.50	436462	25	22.2	440
3300004806-bin.10	o__Rhizobiales	29.34	0.42	705372	154	50.3	741
3300004806-bin.100	c__Gammaproteobacteria	50.68	0.69	1500768	382	41.2	1733
3300004806-bin.101	k__Bacteria	20.14	0.00	1977699	516	53.6	2082
3300004806-bin.102	p__Bacteroidetes	66.46	0.72	3702743	616	36.9	3493
3300004806-bin.103	k__Bacteria	11.21	0.00	247282	74	45.5	292
3300004806-bin.104	k__Bacteria	4.03	0.00	1049814	263	44.1	1119
3300004806-bin.105	k__Bacteria	42.38	0.68	832790	223	54.6	952
3300004806-bin.106	c__Gammaproteobacteria	99.71	0.00	2314903	22	54.9	2094
3300004806-bin.107	k__Bacteria	76.65	0.34	2064469	252	41.9	1893
3300004806-bin.108	k__Bacteria	91.38	0.00	4002713	530	50.5	3819
3300004806-bin.109	k__Bacteria	97.97	1.35	3095154	201	52.5	2955
3300004806-bin.11	c__Gammaproteobacteria	43.79	0.23	1247198	301	48.9	1423
3300004806-bin.110	k__Bacteria	68.22	0.71	3142110	636	53.6	3190
3300004806-bin.111	p__Bacteroidetes	38.94	0.00	1464699	366	37.4	1610
3300004806-bin.112	k__Bacteria	20.94	0.21	448884	105	64.3	542
3300004806-bin.113	k__Archaea	4.46	0.29	329668	55	38.2	368
3300004806-bin.12	c__Betaproteobacteria	87.26	4.32	3647166	428	48.2	3781
3300004806-bin.13	k__Bacteria	15.52	0.00	345300	102	37.0	404
3300004806-bin.14	root	4.17	0.00	520653	120	44.7	649
3300004806-bin.15	k__Bacteria	27.59	0.00	496983	140	44.7	628
3300004806-bin.16	k__Bacteria	66.77	1.02	3754707	735	63.1	3708
3300004806-bin.17	k__Bacteria	43.97	0.00	1849994	446	57.9	1918
3300004806-bin.18	root	0.00	0.00	495536	100	53.0	509
3300004806-bin.19	k__Archaea	3.98	0.50	544079	28	30.9	566
3300004806-bin.2	k__Bacteria	91.56	1.37	2149629	240	45.8	2227
3300004806-bin.20	k__Bacteria	14.66	0.00	469811	117	50.4	535
3300004806-bin.21	k__Bacteria	43.10	3.45	828762	194	64.1	929
3300004806-bin.22	k__Bacteria	42.23	0.00	1654704	414	54.7	1824
3300004806-bin.23	k__Bacteria	50.01	0.00	1382012	322	47.4	1517
3300004806-bin.24	k__Bacteria	53.61	0.00	1856811	228	61.4	1839
3300004806-bin.25	k__Bacteria	81.51	1.10	2715653	470	69.1	2816
3300004806-bin.26	k__Bacteria	28.45	1.72	397596	112	46.9	489
3300004806-bin.27	k__Archaea	1.29	0.00	329242	51	45.9	397
3300004806-bin.28	k__Archaea	5.38	0.43	417425	91	35.8	519
3300004806-bin.29	k__Archaea	2.76	0.36	411470	38	43.7	453
3300004806-bin.3	root	12.50	0.00	481133	153	34.6	555
3300004806-bin.30	root	0.00	0.00	286102	84	59.4	335
3300004806-bin.31	k__Bacteria	91.90	1.10	2301242	303	46.2	2311
3300004806-bin.32	o__Burkholderiales	86.49	2.70	3553706	445	56.8	3574
3300004806-bin.33	o__Burkholderiales	85.99	1.56	2475290	326	49.7	2565
3300004806-bin.34	k__Bacteria	10.34	0.00	303321	80	51.3	328
3300004806-bin.35	k__Bacteria	72.17	2.21	1876684	374	68.2	2013
3300004806-bin.36	root	4.17	0.00	249968	41	33.5	246
3300004806-bin.37	root	0.00	0.00	566976	109	41.2	631
3300004806-bin.38	k__Bacteria	84.99	2.21	4282627	549	58.3	3914
3300004806-bin.39	k__Bacteria	81.03	0.16	731008	75	36.0	854
3300004806-bin.4	k__Bacteria	59.89	0.85	1212555	293	66.5	1447
3300004806-bin.40	c__Gammaproteobacteria	58.06	19.72	4899598	1288	50.7	5450
3300004806-bin.41	o__Rhodospirillales	91.20	1.13	3145973	455	56.6	3258
3300004806-bin.42	k__Archaea	2.23	0.00	252457	2	31.0	304
3300004806-bin.43	k__Bacteria	11.21	0.00	255211	53	49.1	278
3300004806-bin.44	c__Betaproteobacteria	72.52	1.38	1109396	168	44.2	1241
3300004806-bin.45	k__Bacteria	29.66	0.00	1517466	241	61.5	1623
3300004806-bin.46	root	0.00	0.00	224262	44	43.8	267
3300004806-bin.47	k__Bacteria	98.45	107.88	8620891	1447	56.9	8279
3300004806-bin.48	k__Bacteria	2.51	0.00	422346	105	42.4	504
3300004806-bin.49	k__Bacteria	77.80	0.00	999118	195	63.2	1121
3300004806-bin.5	k__Bacteria	21.00	3.45	1711935	484	58.9	1657
3300004806-bin.50	k__Bacteria	71.97	2.14	1102583	168	61.1	1235
3300004806-bin.51	k__Bacteria	48.79	4.17	2290150	496	57.1	2354
3300004806-bin.52	k__Archaea	5.85	0.00	399866	43	25.7	429
3300004806-bin.53	p__Cyanobacteria	7.64	0.51	1186805	226	53.6	1241
3300004806-bin.54	k__Archaea	5.85	2.30	482362	26	40.5	499
3300004806-bin.55	o__Burkholderiales	45.86	1.05	1091119	278	56.9	1255
3300004806-bin.56	k__Bacteria	60.33	5.41	1601868	318	52.6	1747
3300004806-bin.57	k__Bacteria	98.32	1.10	2547097	66	45.8	2395
3300004806-bin.58	k__Bacteria	95.60	0.00	1309379	69	44.4	1277
3300004806-bin.59	k__Bacteria	83.75	0.00	807836	19	39.0	861
3300004806-bin.6	root	0.00	0.00	448121	60	41.0	475
3300004806-bin.60	k__Bacteria	50.31	0.00	1032420	208	48.6	1124
3300004806-bin.61	k__Bacteria	72.28	4.39	3143022	583	56.0	3119
3300004806-bin.62	k__Bacteria	48.20	1.72	2143639	419	54.4	2195
3300004806-bin.63	k__Bacteria	3.45	0.00	299618	74	61.4	178
3300004806-bin.64	k__Bacteria	60.72	3.27	1936142	367	56.6	1981
3300004806-bin.65	k__Bacteria	83.05	0.00	845065	17	39.1	852
3300004806-bin.66	root	0.00	0.00	323368	17	31.1	496
3300004806-bin.67	p__Bacteroidetes	23.37	0.00	479421	134	40.3	541
3300004806-bin.68	k__Bacteria	76.49	1.69	1614662	219	55.8	1680
3300004806-bin.69	root	8.33	0.00	613238	175	42.6	629
3300004806-bin.7	root	4.17	0.00	306157	78	52.1	363
3300004806-bin.70	o__Actinomycetales	27.44	0.00	457855	115	46.2	559
3300004806-bin.71	k__Bacteria	73.24	0.43	1737704	336	70.4	1884
3300004806-bin.72	k__Bacteria	43.09	0.68	789186	198	55.9	928
3300004806-bin.73	k__Archaea	4.91	0.72	443949	73	29.3	512
3300004806-bin.74	k__Bacteria	75.39	2.07	606346	76	36.7	709
3300004806-bin.75	root	0.00	0.00	269966	48	57.1	344
3300004806-bin.76	c__Betaproteobacteria	64.15	1.98	2117049	425	51.2	2364
3300004806-bin.77	k__Bacteria	33.12	0.00	921042	205	56.5	975
3300004806-bin.78	k__Bacteria	59.09	1.65	1418015	322	44.1	1538
3300004806-bin.79	k__Bacteria	38.09	1.72	673253	138	50.2	741
3300004806-bin.8	c__Gammaproteobacteria	36.18	0.17	1268187	329	46.7	1497
3300004806-bin.80	k__Bacteria	94.02	1.28	2011700	232	68.3	2106
3300004806-bin.81	k__Bacteria	13.79	0.00	1565295	395	41.1	1530
3300004806-bin.82	k__Bacteria	97.77	2.70	3595760	78	57.0	3084
3300004806-bin.83	root	0.00	0.00	245127	44	55.0	238
3300004806-bin.84	k__Bacteria	83.79	55.28	4348994	985	61.6	4236
3300004806-bin.85	p__Bacteroidetes	27.60	0.02	1305848	364	41.8	1459
3300004806-bin.86	k__Bacteria	38.93	0.08	846571	225	35.6	897
3300004806-bin.87	c__Gammaproteobacteria	95.50	0.00	3204093	197	62.8	2944
3300004806-bin.88	k__Bacteria	63.78	2.15	3271860	656	40.8	3013
3300004806-bin.89	root	0.00	0.00	407460	101	56.1	502
3300004806-bin.9	k__Bacteria	7.68	0.00	505047	129	49.3	592
3300004806-bin.90	k__Bacteria	6.90	0.00	485015	141	36.2	487
3300004806-bin.91	k__Bacteria	96.24	4.05	3189344	104	56.5	2796
3300004806-bin.92	root	4.17	0.00	250098	65	51.7	318
3300004806-bin.93	c__Betaproteobacteria	48.99	0.70	1900020	443	48.0	2138
3300004806-bin.94	k__Bacteria	48.21	1.02	342607	82	39.2	429
3300004806-bin.95	o__Actinomycetales	35.42	0.29	547745	135	53.4	653
3300004806-bin.96	k__Bacteria	43.79	0.00	512057	131	36.4	598
3300004806-bin.97	k__Bacteria	18.97	0.00	273786	63	50.0	317
3300004806-bin.98	k__Archaea	43.79	0.00	472742	102	30.8	678
3300004806-bin.99	o__Burkholderiales	90.59	2.00	2709396	386	43.4	2791
3300004807-bin.1	k__Bacteria	19.75	0.00	240864	72	47.2	280
3300004807-bin.10	k__Bacteria	0.00	0.00	318187	33	38.4	395
3300004807-bin.11	k__Bacteria	39.36	0.00	758105	200	54.0	863
3300004807-bin.12	k__Bacteria	95.53	1.39	1791580	139	61.9	1772
3300004807-bin.13	k__Bacteria	24.08	1.72	601068	160	51.3	693
3300004807-bin.14	k__Bacteria	0.00	0.00	278719	33	39.2	337
3300004807-bin.15	c__Alphaproteobacteria	38.52	0.22	1371121	362	63.4	1586
3300004807-bin.16	o__Burkholderiales	66.98	0.66	1634317	345	38.0	1895
3300004807-bin.17	root	0.00	0.00	549747	137	40.7	635
3300004807-bin.18	k__Archaea	5.29	0.52	460018	25	43.9	468
3300004807-bin.19	k__Archaea	3.99	0.43	267010	61	33.8	283
3300004807-bin.2	p__Bacteroidetes	16.45	0.49	730750	210	38.4	817
3300004807-bin.20	k__Bacteria	81.15	1.35	2069881	245	41.7	1906
3300004807-bin.21	c__Betaproteobacteria	69.69	0.78	1915482	413	51.4	2181
3300004807-bin.22	o__Rhizobiales	65.04	0.63	1696978	332	48.1	1850
3300004807-bin.23	k__Bacteria	42.24	1.72	1110120	206	61.9	1212
3300004807-bin.24	k__Bacteria	18.89	0.00	544697	157	66.4	664
3300004807-bin.25	k__Bacteria	22.91	0.00	582132	150	39.3	662
3300004807-bin.26	c__Gammaproteobacteria	59.37	0.69	1709006	343	54.4	1907
3300004807-bin.27	k__Bacteria	19.08	0.00	531442	153	60.6	567
3300004807-bin.28	k__Bacteria	64.15	1.71	927195	167	50.5	1085
3300004807-bin.29	root	0.00	0.00	316917	25	35.9	395
3300004807-bin.3	o__Actinomycetales	42.75	0.00	565549	138	45.7	675
3300004807-bin.30	root	0.00	0.00	344502	26	37.8	435
3300004807-bin.31	k__Archaea	1.17	0.36	221007	3	49.3	244
3300004807-bin.32	k__Bacteria	10.50	0.00	263169	80	54.0	312
3300004807-bin.33	k__Bacteria	84.33	1.72	668896	77	39.4	749
3300004807-bin.34	root	0.00	0.00	269095	33	36.5	342
3300004807-bin.35	k__Bacteria	82.69	2.56	1056755	188	62.4	1166
3300004807-bin.36	root	0.00	0.00	283523	21	36.2	357
3300004807-bin.37	o__Burkholderiales	80.70	2.51	1760278	279	43.7	1936
3300004807-bin.38	k__Bacteria	10.97	0.00	229868	70	53.0	277
3300004807-bin.39	k__Bacteria	28.45	0.00	563185	131	52.3	643
3300004807-bin.4	k__Bacteria	17.73	0.00	273272	76	61.5	368
3300004807-bin.40	o__Burkholderiales	21.32	0.47	543350	160	56.3	658
3300004807-bin.41	k__Bacteria	77.97	2.14	1470264	209	64.2	1593
3300004807-bin.42	k__Bacteria	48.43	0.00	664153	158	53.4	773
3300004807-bin.43	root	0.00	0.00	338126	22	41.2	456
3300004807-bin.44	k__Archaea	2.43	0.14	333771	61	45.8	414
3300004807-bin.45	o__Rhizobiales	17.76	0.00	553301	166	54.6	699
3300004807-bin.46	k__Bacteria	0.00	0.00	332047	33	41.3	450
3300004807-bin.47	k__Bacteria	32.76	0.00	980180	241	45.5	1150
3300004807-bin.48	k__Bacteria	18.57	0.00	357763	100	47.1	441
3300004807-bin.49	k__Bacteria	0.00	0.00	297433	63	38.7	413
3300004807-bin.5	root	0.00	0.00	404329	62	51.2	528
3300004807-bin.50	root	0.00	0.00	256510	20	35.7	321
3300004807-bin.51	k__Bacteria	0.00	0.00	332794	20	39.3	401
3300004807-bin.52	root	0.00	0.00	316931	21	35.8	396
3300004807-bin.53	c__Gammaproteobacteria	10.80	0.00	352545	93	51.5	393
3300004807-bin.54	o__Actinomycetales	35.79	0.00	511770	136	62.9	620
3300004807-bin.55	k__Bacteria	75.31	0.00	598285	71	35.0	651
3300004807-bin.56	p__Bacteroidetes	36.95	0.03	1542365	413	44.4	1688
3300004807-bin.57	k__Archaea	0.22	0.07	202894	55	38.2	271
3300004807-bin.58	k__Archaea	4.60	0.50	783405	125	32.9	737
3300004807-bin.59	c__Betaproteobacteria	53.64	0.85	699545	144	36.5	840
3300004807-bin.6	root	0.00	0.00	267726	42	37.3	394
3300004807-bin.60	root	0.00	0.00	226296	9	43.9	328
3300004807-bin.61	o__Rhizobiales	71.98	1.40	1968771	351	51.9	2212
3300004807-bin.62	k__Archaea	1.97	0.50	442649	51	46.6	510
3300004807-bin.63	root	4.17	0.00	462907	133	43.2	533
3300004807-bin.64	k__Bacteria	36.21	0.00	623407	139	50.3	719
3300004807-bin.65	k__Bacteria	8.93	0.00	269559	54	63.8	332
3300004807-bin.66	k__Archaea	4.62	2.41	401990	83	42.4	459
3300004807-bin.67	o__Actinomycetales	29.19	0.00	380504	97	46.1	471
3300004807-bin.68	k__Bacteria	27.55	0.00	1265710	293	48.2	1408
3300004807-bin.69	root	0.00	0.00	504458	166	29.1	455
3300004807-bin.7	root	4.17	0.00	284889	75	50.7	351
3300004807-bin.70	o__Burkholderiales	59.89	1.40	1651449	350	39.9	1900
3300004807-bin.71	k__Bacteria	29.04	0.00	552055	154	34.3	615
3300004807-bin.72	k__Bacteria	15.52	0.00	457109	138	67.4	524
3300004807-bin.73	o__Burkholderiales	84.46	1.35	2753696	393	43.2	2837
3300004807-bin.74	k__Bacteria	64.66	0.00	1812004	251	44.6	1985
3300004807-bin.8	o__Burkholderiales	88.18	1.70	3283044	460	49.5	3365
3300004807-bin.9	k__Archaea	3.91	0.58	425900	59	47.2	449
3300006071-bin.1	root	0.00	0.00	278630	36	36.0	360
3300006071-bin.10	k__Bacteria	51.72	0.00	846304	167	64.2	952
3300006071-bin.11	root	0.00	0.00	289871	24	41.7	411
3300006071-bin.12	o__Actinomycetales	54.45	0.00	838536	153	46.3	963
3300006071-bin.13	root	0.00	0.00	230051	7	37.0	241
3300006071-bin.14	k__Bacteria	66.07	0.43	894152	170	50.5	1032
3300006071-bin.15	root	0.00	0.00	324286	35	46.5	435
3300006071-bin.16	root	0.00	0.00	323564	25	38.5	383
3300006071-bin.17	k__Bacteria	54.08	0.00	694311	159	53.3	825
3300006071-bin.18	root	0.00	0.00	336687	15	40.3	436
3300006071-bin.19	root	0.00	0.00	300753	24	37.8	325
3300006071-bin.2	k__Bacteria	0.00	0.00	297302	24	38.7	383
3300006071-bin.20	c__Betaproteobacteria	68.40	0.47	1215650	208	52.5	1397
3300006071-bin.21	k__Bacteria	0.00	0.00	329379	15	40.0	372
3300006071-bin.22	k__Bacteria	34.56	1.72	814195	196	46.2	937
3300006071-bin.23	root	0.00	0.00	345116	9	43.0	462
3300006071-bin.24	root	0.00	0.00	303110	32	31.1	397
3300006071-bin.25	k__Bacteria	81.15	2.24	1928463	253	41.8	1794
3300006071-bin.26	k__Bacteria	41.52	1.72	824253	171	52.3	982
3300006071-bin.27	k__Bacteria	99.45	1.10	2885645	131	45.8	2792
3300006071-bin.28	root	0.00	0.00	230545	53	38.4	336
3300006071-bin.29	k__Bacteria	68.81	1.10	1705608	353	45.6	1846
3300006071-bin.3	k__Bacteria	25.56	1.04	2768041	860	43.5	4673
3300006071-bin.30	k__Bacteria	31.49	0.00	448484	121	54.6	553
3300006071-bin.31	o__Burkholderiales	48.39	0.46	949940	228	46.4	1152
3300006071-bin.32	k__Bacteria	13.45	0.57	641775	138	53.4	753
3300006071-bin.33	root	0.00	0.00	294790	21	37.1	385
3300006071-bin.34	k__Archaea	5.31	0.00	261493	58	46.3	310
3300006071-bin.35	k__Bacteria	54.31	0.34	340592	85	39.3	417
3300006071-bin.36	root	0.00	0.00	242824	20	30.2	344
3300006071-bin.37	k__Bacteria	37.93	0.00	389848	107	52.5	469
3300006071-bin.38	root	0.00	0.00	261752	14	41.0	344
3300006071-bin.39	o__Burkholderiales	20.30	0.00	549192	156	54.9	672
3300006071-bin.4	k__Archaea	26.19	0.93	295530	81	30.5	421
3300006071-bin.40	k__Bacteria	35.16	0.68	1206582	334	57.0	1280
3300006071-bin.41	k__Bacteria	85.96	1.28	1176859	175	62.3	1277
3300006071-bin.42	k__Archaea	4.37	0.00	521540	70	18.3	399
3300006071-bin.43	o__Actinomycetales	70.95	2.22	1165181	179	50.2	1285
3300006071-bin.44	k__Bacteria	86.59	1.16	1147099	171	63.1	1257
3300006071-bin.45	o__Burkholderiales	55.15	0.65	1195563	295	56.8	1364
3300006071-bin.46	k__Bacteria	29.31	0.00	326206	88	50.4	397
3300006071-bin.5	root	0.00	0.00	251319	63	43.0	344
3300006071-bin.6	k__Bacteria	25.71	0.08	607516	125	64.2	729
3300006071-bin.7	k__Bacteria	0.47	0.00	230267	74	54.0	258
3300006071-bin.8	k__Bacteria	22.10	0.00	494065	126	46.9	566
3300006071-bin.9	c__Betaproteobacteria	68.80	1.01	893595	139	36.4	1080
3300006072-bin.1	k__Bacteria	13.79	0.00	292739	87	54.8	355
3300006072-bin.10	o__Actinomycetales	49.02	0.00	743438	140	50.1	834
3300006072-bin.11	k__Bacteria	59.10	1.28	879928	191	61.2	1016
3300006072-bin.12	k__Bacteria	70.40	1.45	974970	178	54.6	1136
3300006072-bin.13	root	0.00	0.00	301599	36	37.2	391
3300006072-bin.14	k__Bacteria	88.66	4.13	1149765	168	63.2	1281
3300006072-bin.15	root	0.00	0.00	287346	25	30.6	388
3300006072-bin.16	k__Bacteria	43.69	0.68	1773721	468	57.3	1744
3300006072-bin.17	root	0.00	0.00	290803	42	40.5	417
3300006072-bin.18	root	0.00	0.00	328628	21	37.9	377
3300006072-bin.19	k__Bacteria	99.31	1.92	2833455	138	45.9	2753
3300006072-bin.2	k__Bacteria	0.00	0.00	294288	29	40.0	390
3300006072-bin.20	k__Bacteria	79.34	0.16	606171	46	34.9	642
3300006072-bin.21	root	0.00	0.00	324502	56	39.4	472
3300006072-bin.22	k__Bacteria	40.52	0.00	699747	165	64.2	805
3300006072-bin.23	o__Burkholderiales	48.81	0.17	769004	177	46.1	904
3300006072-bin.24	root	0.00	0.00	270739	35	46.2	378
3300006072-bin.25	c__Betaproteobacteria	89.62	1.42	1548686	153	52.5	1641
3300006072-bin.26	c__Betaproteobacteria	61.55	0.03	776365	138	36.4	946
3300006072-bin.27	o__Actinomycetales	65.26	1.89	1221273	181	52.3	1344
3300006072-bin.28	k__Bacteria	57.20	1.71	819233	166	50.4	949
3300006072-bin.29	k__Bacteria	56.48	1.35	1184512	284	55.5	1285
3300006072-bin.3	k__Bacteria	78.59	1.01	1863825	283	41.7	1799
3300006072-bin.30	k__Bacteria	9.62	0.00	417971	120	45.3	499
3300006072-bin.31	k__Bacteria	19.15	0.08	351182	82	64.5	429
3300006072-bin.32	k__Bacteria	41.77	0.05	1283202	330	68.9	1386
3300006072-bin.33	k__Bacteria	24.14	0.00	819894	239	58.9	831
3300006072-bin.34	root	0.00	0.00	243229	53	43.0	374
3300006072-bin.35	k__Bacteria	51.72	0.00	1303149	272	46.2	1534
3300006072-bin.36	root	0.00	0.00	219646	54	38.3	246
3300006072-bin.37	o__Rhizobiales	48.09	0.63	1390644	343	55.7	1617
3300006072-bin.38	k__Bacteria	97.25	1.10	2559821	133	45.9	2507
3300006072-bin.39	c__Gammaproteobacteria	92.94	0.62	2198170	174	55.1	2102
3300006072-bin.4	p__Cyanobacteria	7.35	0.50	1619841	347	53.5	1726
3300006072-bin.40	k__Archaea	3.91	0.00	309614	56	25.5	349
3300006072-bin.41	k__Bacteria	57.33	0.00	754547	161	53.5	860
3300006072-bin.42	o__Actinomycetales	59.53	1.49	840921	139	46.3	966
3300006072-bin.43	k__Bacteria	49.58	2.84	1767551	428	54.3	1883
3300006072-bin.5	k__Bacteria	81.17	0.63	659709	57	40.0	721
3300006072-bin.6	root	0.00	0.00	549202	158	44.7	677
3300006072-bin.7	k__Bacteria	44.40	0.00	620377	141	50.2	753
3300006072-bin.8	k__Bacteria	86.76	1.28	1619127	114	62.1	1625
3300006072-bin.9	k__Bacteria	95.45	4.39	3514438	294	56.9	3238
3300006100-bin.1	root	0.00	0.00	319781	35	37.1	411
3300006100-bin.10	root	0.00	0.00	290402	28	37.7	315
3300006100-bin.11	root	0.00	0.00	332004	29	46.4	443
3300006100-bin.12	k__Bacteria	44.14	0.00	701706	163	53.2	805
3300006100-bin.13	root	0.00	0.00	295266	20	40.5	412
3300006100-bin.14	root	0.00	0.00	263962	13	40.9	343
3300006100-bin.15	root	0.00	0.00	275150	27	30.4	367
3300006100-bin.16	k__Bacteria	55.56	2.21	918342	185	50.5	1064
3300006100-bin.17	c__Betaproteobacteria	64.94	0.91	863281	129	36.5	1020
3300006100-bin.18	k__Bacteria	27.01	0.00	351546	92	63.1	410
3300006100-bin.19	root	0.00	0.00	319017	33	37.0	387
3300006100-bin.2	k__Bacteria	84.42	2.03	2205896	236	41.8	2015
3300006100-bin.20	o__Actinomycetales	50.21	0.00	719654	162	45.9	848
3300006100-bin.21	k__Bacteria	22.81	0.16	873891	188	52.3	903
3300006100-bin.22	root	0.00	0.00	369278	17	40.2	480
3300006100-bin.23	c__Betaproteobacteria	79.87	2.53	2441489	409	51.2	2685
3300006100-bin.24	root	0.00	0.00	340179	9	43.0	458
3300006100-bin.25	k__Bacteria	82.17	1.28	1518575	210	62.0	1623
3300006100-bin.26	root	0.00	0.00	271291	32	30.7	365
3300006100-bin.27	root	0.00	0.00	252715	28	34.4	322
3300006100-bin.28	k__Bacteria	84.33	0.00	629742	62	34.9	690
3300006100-bin.29	k__Bacteria	12.07	0.00	462571	126	47.1	551
3300006100-bin.3	root	0.00	0.00	331126	23	38.5	371
3300006100-bin.30	root	0.00	0.00	295856	20	41.8	410
3300006100-bin.31	root	0.00	0.00	309738	28	34.9	379
3300006100-bin.32	k__Bacteria	80.38	2.14	1137964	160	63.1	1261
3300006100-bin.33	k__Bacteria	45.36	0.85	559073	140	62.3	679
3300006100-bin.34	k__Archaea	5.78	0.00	354884	47	25.8	374
3300006100-bin.35	root	0.00	0.00	502394	68	39.8	648
3300006100-bin.36	k__Archaea	3.98	0.07	367148	65	45.4	416
3300006100-bin.37	k__Bacteria	42.86	0.00	668848	155	54.5	796
3300006100-bin.38	root	0.00	0.00	297581	57	39.2	431
3300006100-bin.4	root	0.00	0.00	635728	166	41.2	821
3300006100-bin.5	k__Bacteria	17.54	0.00	315655	88	52.5	378
3300006100-bin.6	k__Bacteria	40.44	0.00	730775	192	46.0	853
3300006100-bin.7	o__Actinomycetales	54.72	0.26	725704	155	50.3	851
3300006100-bin.8	o__Actinomycetales	48.93	0.51	680061	149	46.3	794
3300006100-bin.9	o__Burkholderiales	75.63	1.70	1708412	354	56.9	1875
3300006101-bin.1	k__Bacteria	14.97	0.00	481068	144	51.3	567
3300006101-bin.10	k__Bacteria	53.56	2.56	969355	198	63.9	1090
3300006101-bin.11	k__Bacteria	82.22	1.69	2131192	261	41.7	1978
3300006101-bin.12	root	0.00	0.00	346090	3	30.0	435
3300006101-bin.13	o__Actinomycetales	71.48	1.32	1291974	180	50.0	1414
3300006101-bin.14	o__Burkholderiales	68.96	1.31	1598923	341	57.0	1789
3300006101-bin.15	k__Bacteria	30.17	0.00	496147	126	52.2	589
3300006101-bin.16	k__Bacteria	0.00	0.00	287876	47	40.7	398
3300006101-bin.17	root	4.17	0.00	345272	109	45.4	425
3300006101-bin.18	o__Actinomycetales	36.69	0.00	721179	178	51.6	824
3300006101-bin.19	k__Bacteria	85.22	1.28	1158932	187	63.1	1284
3300006101-bin.2	k__Bacteria	0.00	0.00	336220	17	47.0	440
3300006101-bin.20	o__Burkholderiales	49.40	1.37	1293670	298	38.0	1538
3300006101-bin.21	k__Bacteria	28.45	0.00	310021	77	45.9	373
3300006101-bin.22	p__Bacteroidetes	35.76	0.41	1399425	367	38.3	1447
3300006101-bin.23	o__Actinomycetales	47.82	1.26	737334	166	50.3	818
3300006101-bin.24	k__Bacteria	24.66	1.28	351900	90	50.3	423
3300006101-bin.25	k__Archaea	4.91	0.50	497161	6	45.4	513
3300006101-bin.26	k__Archaea	3.44	0.36	211254	9	56.2	270
3300006101-bin.27	root	0.00	0.00	529122	89	39.0	714
3300006101-bin.28	k__Bacteria	20.69	1.72	386440	105	51.0	457
3300006101-bin.29	k__Bacteria	17.24	1.72	534243	146	45.6	670
3300006101-bin.3	k__Bacteria	57.76	0.00	817688	171	53.4	914
3300006101-bin.30	o__Burkholderiales	46.70	1.82	707625	177	47.2	837
3300006101-bin.31	o__Actinomycetales	21.49	0.27	310672	80	51.0	384
3300006101-bin.32	k__Bacteria	12.93	0.00	269680	77	52.3	336
3300006101-bin.33	k__Bacteria	81.74	0.16	639005	49	39.6	690
3300006101-bin.34	root	0.00	0.00	326620	39	39.6	376
3300006101-bin.35	k__Bacteria	83.14	2.14	1164662	182	62.3	1284
3300006101-bin.4	k__Bacteria	41.29	1.35	845296	223	54.9	938
3300006101-bin.5	o__Burkholderiales	25.82	0.00	633000	182	42.9	729
3300006101-bin.6	k__Bacteria	15.33	0.00	310219	65	64.1	369
3300006101-bin.7	k__Bacteria	28.53	0.00	621940	161	61.7	732
3300006101-bin.8	p__Bacteroidetes	82.21	1.74	4168211	681	45.5	4053
3300006101-bin.9	root	0.00	0.00	293110	41	38.3	352
3300006103-bin.1	k__Bacteria	41.38	0.00	607893	148	47.1	719
3300006103-bin.10	root	0.00	0.00	301454	34	38.6	367
3300006103-bin.11	k__Bacteria	0.00	0.00	331782	18	40.1	414
3300006103-bin.12	o__Burkholderiales	84.01	1.17	2514203	321	49.7	2591
3300006103-bin.13	k__Archaea	3.76	0.00	437331	83	46.2	503
3300006103-bin.14	k__Bacteria	85.03	1.42	1656105	253	54.5	1725
3300006103-bin.15	o__Burkholderiales	41.69	1.46	1098486	280	54.7	1312
3300006103-bin.16	k__Bacteria	0.00	0.00	219780	30	35.0	277
3300006103-bin.17	k__Bacteria	82.62	0.56	2086332	258	41.7	1935
3300006103-bin.18	root	8.33	0.00	767707	216	34.5	849
3300006103-bin.19	root	0.00	0.00	271998	23	37.9	366
3300006103-bin.2	o__Burkholderiales	8.04	0.00	242000	73	38.1	315
3300006103-bin.20	root	0.00	0.00	325664	12	36.8	365
3300006103-bin.21	c__Betaproteobacteria	58.41	1.42	751858	148	36.5	926
3300006103-bin.22	k__Bacteria	0.00	0.00	346389	18	38.9	436
3300006103-bin.23	o__Actinomycetales	73.89	1.62	1294167	196	50.1	1421
3300006103-bin.24	k__Bacteria	59.59	2.23	355244	83	39.2	467
3300006103-bin.25	k__Bacteria	48.71	0.68	1207299	289	57.8	1317
3300006103-bin.26	c__Gammaproteobacteria	96.36	0.07	3147066	244	62.7	2931
3300006103-bin.27	root	0.00	0.00	332177	25	37.3	421
3300006103-bin.28	k__Bacteria	31.03	0.00	606555	161	45.8	748
3300006103-bin.29	k__Bacteria	62.11	4.15	872995	160	50.5	1021
3300006103-bin.3	root	4.17	0.00	530167	70	28.2	711
3300006103-bin.30	o__Actinomycetales	57.60	0.53	874502	167	53.2	983
3300006103-bin.31	k__Bacteria	0.52	0.00	230526	50	45.4	296
3300006103-bin.32	o__Actinomycetales	70.78	1.08	887019	136	46.4	1019
3300006103-bin.33	c__Betaproteobacteria	14.25	0.32	269187	77	43.5	333
3300006103-bin.34	c__Betaproteobacteria	21.48	0.00	700795	198	51.3	840
3300006103-bin.35	k__Archaea	4.91	0.50	543157	13	45.2	538
3300006103-bin.36	o__Actinomycetales	48.75	0.11	693118	169	50.9	797
3300006103-bin.37	k__Bacteria	83.74	2.14	1147893	159	62.4	1254
3300006103-bin.38	root	0.00	0.00	249479	40	31.8	401
3300006103-bin.39	o__Burkholderiales	30.90	0.84	892794	245	43.1	1035
3300006103-bin.4	o__Actinomycetales	52.15	1.32	736245	172	50.4	836
3300006103-bin.40	root	0.00	0.00	330795	8	39.7	444
3300006103-bin.41	k__Bacteria	13.62	0.08	235937	50	63.4	277
3300006103-bin.42	k__Bacteria	73.72	0.43	1525853	220	64.2	1646
3300006103-bin.5	o__Burkholderiales	40.46	1.05	1067813	262	56.7	1199
3300006103-bin.6	root	0.00	0.00	285099	34	39.6	382
3300006103-bin.7	k__Bacteria	25.31	0.00	372853	105	46.9	440
3300006103-bin.8	root	4.17	0.00	451645	89	29.4	709
3300006103-bin.9	k__Bacteria	69.85	2.42	968575	188	63.1	1111
3300006104-bin.1	p__Bacteroidetes	72.22	3.08	3114495	616	33.9	2956
3300006104-bin.10	k__Bacteria	11.95	1.57	1434326	293	53.8	1533
3300006104-bin.11	k__Bacteria	0.00	0.00	318260	23	38.6	419
3300006104-bin.12	c__Betaproteobacteria	20.18	0.00	636132	185	47.5	743
3300006104-bin.13	o__Burkholderiales	39.36	0.58	1229708	310	44.8	1391
3300006104-bin.14	k__Bacteria	67.46	0.00	472862	99	39.3	581
3300006104-bin.15	k__Bacteria	19.83	0.00	326900	86	52.5	396
3300006104-bin.16	k__Bacteria	51.21	0.00	649810	147	60.9	777
3300006104-bin.17	k__Bacteria	31.97	1.72	729061	195	53.0	825
3300006104-bin.18	k__Bacteria	41.69	0.00	419158	89	50.1	455
3300006104-bin.19	o__Burkholderiales	28.65	0.27	889006	239	48.9	1007
3300006104-bin.2	k__Bacteria	0.00	0.00	296613	32	39.7	444
3300006104-bin.20	k__Bacteria	13.79	0.00	309576	86	47.1	362
3300006104-bin.21	root	0.00	0.00	1121253	205	42.2	1154
3300006104-bin.22	k__Bacteria	6.11	0.00	1156171	243	51.1	1320
3300006104-bin.23	k__Bacteria	72.37	7.16	3166520	594	57.5	3069
3300006104-bin.24	k__Bacteria	89.05	4.58	4218427	519	59.3	3747
3300006104-bin.25	k__Bacteria	1.72	0.00	641550	108	53.0	630
3300006104-bin.26	o__Burkholderiales	72.63	0.80	3181232	592	61.7	3455
3300006104-bin.27	k__Bacteria	65.52	1.14	3252132	678	40.9	3177
3300006104-bin.28	root	0.00	0.00	315118	44	39.3	465
3300006104-bin.29	c__Betaproteobacteria	96.61	1.50	2914381	203	51.4	2957
3300006104-bin.3	root	4.17	0.00	1046898	102	36.5	1385
3300006104-bin.30	c__Alphaproteobacteria	41.90	0.00	1411811	352	69.1	1569
3300006104-bin.31	c__Gammaproteobacteria	91.01	2.25	2686889	283	49.4	2664
3300006104-bin.32	o__Burkholderiales	23.02	0.31	543940	157	56.7	654
3300006104-bin.33	k__Bacteria	90.05	2.31	2315064	340	44.3	2359
3300006104-bin.34	o__Actinomycetales	47.85	0.44	673165	128	46.3	788
3300006104-bin.35	k__Bacteria	82.03	0.00	865069	20	40.6	945
3300006104-bin.36	k__Bacteria	85.48	0.00	700245	7	40.0	721
3300006104-bin.37	k__Bacteria	87.10	0.86	647337	21	34.9	674
3300006104-bin.38	o__Rhodospirillales	90.34	4.60	5717102	610	62.4	5712
3300006104-bin.39	c__Betaproteobacteria	88.23	2.44	1527822	151	52.5	1612
3300006104-bin.4	k__Bacteria	49.66	2.20	2292319	482	55.9	2345
3300006104-bin.40	k__Archaea	3.98	0.50	373898	20	23.0	386
3300006104-bin.41	k__Bacteria	93.97	1.10	2551009	252	46.1	2504
3300006104-bin.42	k__Bacteria	44.04	0.00	1863104	379	54.2	1944
3300006104-bin.43	k__Archaea	3.98	0.00	655589	36	30.2	782
3300006104-bin.44	p__Bacteroidetes	71.33	1.49	2684473	516	37.2	2756
3300006104-bin.45	k__Archaea	3.44	0.36	211966	8	56.3	269
3300006104-bin.46	k__Bacteria	92.35	0.93	3100359	264	69.4	2936
3300006104-bin.47	c__Betaproteobacteria	72.80	3.29	1077661	187	44.1	1231
3300006104-bin.48	p__Bacteroidetes	90.44	0.26	2137351	236	34.6	2092
3300006104-bin.49	c__Betaproteobacteria	65.40	0.56	855374	145	36.4	1004
3300006104-bin.5	k__Bacteria	43.38	0.00	1376275	243	41.5	1319
3300006104-bin.50	o__Sphingomonadales	90.96	0.82	2773717	288	64.6	2736
3300006104-bin.51	c__Gammaproteobacteria	18.55	0.12	750316	206	47.8	820
3300006104-bin.52	k__Bacteria	9.56	0.00	318621	99	43.8	405
3300006104-bin.53	k__Bacteria	83.52	2.75	1963501	285	45.8	2108
3300006104-bin.54	k__Bacteria	74.61	0.43	810167	171	63.4	952
3300006104-bin.55	k__Bacteria	17.24	0.00	832388	166	45.0	966
3300006104-bin.56	k__Bacteria	57.76	0.00	758300	160	50.4	850
3300006104-bin.57	root	0.00	0.00	637780	81	59.2	598
3300006104-bin.58	k__Bacteria	97.53	1.10	2539479	64	45.8	2394
3300006104-bin.59	k__Bacteria	76.27	4.86	3851576	745	56.6	3829
3300006104-bin.6	k__Bacteria	23.28	0.00	540948	138	50.3	635
3300006104-bin.60	k__Bacteria	6.02	0.00	376061	113	60.9	460
3300006104-bin.61	c__Gammaproteobacteria	64.13	0.55	1908501	328	54.5	2095
3300006104-bin.62	k__Bacteria	29.06	0.09	754472	55	64.3	792
3300006104-bin.63	k__Bacteria	47.53	0.00	732847	185	54.8	881
3300006104-bin.64	k__Bacteria	8.62	0.00	362766	106	36.8	389
3300006104-bin.65	k__Bacteria	64.15	0.86	798019	173	53.2	930
3300006104-bin.66	k__Bacteria	67.16	25.13	1597091	428	32.5	1992
3300006104-bin.67	k__Bacteria	23.35	0.00	437261	123	56.7	513
3300006104-bin.68	k__Bacteria	70.69	0.00	1412295	88	65.2	1410
3300006104-bin.69	k__Archaea	4.45	0.50	443132	19	22.2	438
3300006104-bin.7	p__Bacteroidetes	62.15	3.37	3160349	685	36.8	3161
3300006104-bin.70	k__Bacteria	45.17	2.59	1964657	379	56.5	1961
3300006104-bin.71	k__Bacteria	18.97	0.00	329329	93	47.1	401
3300006104-bin.72	k__Bacteria	25.73	0.06	661879	174	52.6	752
3300006104-bin.73	k__Bacteria	7.76	0.00	280045	85	37.1	275
3300006104-bin.74	k__Bacteria	13.79	0.00	329305	98	45.0	392
3300006104-bin.75	k__Bacteria	48.00	0.00	648490	156	54.5	757
3300006104-bin.76	o__Burkholderiales	25.53	0.00	666092	192	54.3	837
3300006104-bin.77	k__Bacteria	6.90	0.00	684070	133	53.5	683
3300006104-bin.78	k__Bacteria	20.49	0.00	393707	106	56.8	462
3300006104-bin.79	c__Gammaproteobacteria	49.94	0.00	1724558	384	61.8	1819
3300006104-bin.8	k__Bacteria	62.25	0.00	2568656	569	58.0	2532
3300006104-bin.80	k__Bacteria	25.00	0.00	1528098	318	57.2	1632
3300006104-bin.81	c__Gammaproteobacteria	63.39	0.82	1835959	410	39.6	1891
3300006104-bin.82	root	0.00	0.00	414014	67	41.9	428
3300006104-bin.83	k__Bacteria	60.89	2.07	1802006	413	52.6	1906
3300006104-bin.84	k__Archaea	41.78	0.00	486455	90	30.8	688
3300006104-bin.85	c__Betaproteobacteria	39.86	0.16	1570641	396	47.7	1826
3300006104-bin.86	p__Bacteroidetes	75.49	0.74	2675758	468	39.6	2681
3300006104-bin.87	o__Burkholderiales	7.87	0.00	544176	151	58.5	659
3300006104-bin.88	o__Burkholderiales	86.33	2.71	2522936	389	44.4	2581
3300006104-bin.89	k__Bacteria	81.46	0.85	1129566	162	62.3	1212
3300006104-bin.9	k__Bacteria	40.09	0.00	921789	193	49.7	1024
3300006104-bin.90	k__Archaea	3.51	0.50	442185	54	45.1	504
3300006104-bin.91	k__Bacteria	26.21	0.00	729730	185	41.9	848
3300006105-bin.1	k__Bacteria	62.53	0.04	1720574	290	41.5	1641
3300006105-bin.10	root	0.00	0.00	271112	53	38.4	334
3300006105-bin.11	root	0.00	0.00	310426	36	37.7	390
3300006105-bin.12	root	0.00	0.00	328807	24	36.9	395
3300006105-bin.13	root	0.00	0.00	275910	35	32.4	401
3300006105-bin.14	root	0.00	0.00	290680	39	36.8	387
3300006105-bin.15	root	0.00	0.00	315260	15	37.2	396
3300006105-bin.16	k__Archaea	5.51	0.52	453396	60	46.0	519
3300006105-bin.17	root	0.00	0.00	332400	7	39.7	452
3300006105-bin.18	root	0.00	0.00	223987	32	44.0	305
3300006105-bin.19	root	0.00	0.00	315572	26	38.4	357
3300006105-bin.2	root	0.00	0.00	303849	44	46.3	435
3300006105-bin.20	k__Bacteria	0.00	0.00	325805	20	38.7	404
3300006105-bin.21	o__Actinomycetales	68.19	0.63	1109136	172	50.1	1211
3300006105-bin.22	c__Betaproteobacteria	71.53	1.75	911766	149	36.5	1092
3300006105-bin.23	root	0.00	0.00	314019	32	38.9	378
3300006105-bin.24	root	0.00	0.00	268282	42	46.8	373
3300006105-bin.25	k__Archaea	5.85	0.00	402796	41	25.8	432
3300006105-bin.26	k__Bacteria	86.87	2.85	1177555	182	62.4	1303
3300006105-bin.27	k__Bacteria	22.69	0.43	267643	65	50.5	318
3300006105-bin.28	root	0.00	0.00	339081	29	38.3	413
3300006105-bin.29	c__Gammaproteobacteria	38.61	0.00	1330370	330	62.1	1451
3300006105-bin.3	k__Bacteria	9.48	0.00	444574	132	48.9	552
3300006105-bin.30	o__Actinomycetales	37.19	0.59	543232	135	51.1	632
3300006105-bin.31	root	0.00	0.00	322126	16	37.7	385
3300006105-bin.32	k__Bacteria	41.03	0.00	987831	278	34.7	1088
3300006105-bin.33	k__Bacteria	31.03	0.00	683234	187	44.4	827
3300006105-bin.34	root	0.00	0.00	318290	29	39.7	370
3300006105-bin.35	k__Archaea	4.91	0.58	463061	39	39.5	481
3300006105-bin.36	k__Bacteria	45.76	0.68	850788	210	54.9	969
3300006105-bin.37	k__Bacteria	38.36	0.00	490653	122	50.4	567
3300006105-bin.38	k__Bacteria	78.29	2.07	601136	77	39.4	688
3300006105-bin.39	root	4.17	0.00	375952	87	29.6	559
3300006105-bin.4	o__Actinomycetales	38.23	1.80	452586	123	51.2	533
3300006105-bin.40	root	0.00	0.00	282327	30	40.0	360
3300006105-bin.41	k__Bacteria	15.52	0.00	273877	85	47.0	340
3300006105-bin.42	root	0.00	0.00	339187	6	30.0	428
3300006105-bin.43	k__Bacteria	0.00	0.00	317928	25	40.2	384
3300006105-bin.44	root	4.17	0.00	568001	60	28.2	760
3300006105-bin.45	root	0.00	0.00	330068	49	39.7	445
3300006105-bin.46	o__Actinomycetales	56.37	1.58	824068	169	53.3	927
3300006105-bin.47	o__Burkholderiales	24.88	0.30	617846	170	38.0	749
3300006105-bin.48	k__Archaea	1.80	0.00	280656	49	27.0	307
3300006105-bin.5	k__Archaea	0.89	0.07	314455	65	44.6	368
3300006105-bin.6	root	0.00	0.00	285409	28	30.6	383
3300006105-bin.7	k__Bacteria	37.90	0.00	497129	128	61.1	602
3300006105-bin.8	o__Actinomycetales	42.45	0.00	632504	126	46.2	738
3300006105-bin.9	k__Bacteria	70.84	0.43	999947	172	63.2	1128
3300006106-bin.1	k__Bacteria	5.17	0.00	323959	92	64.6	376
3300006106-bin.10	k__Bacteria	55.75	1.36	791952	173	50.5	936
3300006106-bin.11	o__Actinomycetales	57.15	0.58	815949	170	46.2	956
3300006106-bin.12	c__Alphaproteobacteria	61.43	0.00	2035632	432	68.4	2170
3300006106-bin.13	o__Burkholderiales	53.41	0.07	1258432	300	37.9	1491
3300006106-bin.14	k__Bacteria	87.12	2.14	2198367	248	41.7	2031
3300006106-bin.15	o__Actinomycetales	61.54	1.71	861198	169	53.4	963
3300006106-bin.16	k__Archaea	3.51	0.43	205887	7	36.7	268
3300006106-bin.17	k__Bacteria	25.27	0.00	480482	129	47.0	563
3300006106-bin.18	o__Rhizobiales	66.75	1.27	1812158	341	52.0	2062
3300006106-bin.19	k__Bacteria	27.59	0.00	726514	199	44.7	904
3300006106-bin.2	k__Bacteria	80.47	0.43	902980	184	62.3	1034
3300006106-bin.20	k__Bacteria	43.97	0.00	925115	194	61.9	1041
3300006106-bin.21	k__Bacteria	47.59	0.00	678875	169	51.3	785
3300006106-bin.22	k__Bacteria	38.45	0.00	540563	146	62.1	636
3300006106-bin.23	k__Archaea	4.45	0.50	302069	59	36.8	431
3300006106-bin.24	k__Archaea	3.04	0.50	480381	56	46.7	554
3300006106-bin.25	k__Bacteria	85.19	0.16	691238	35	39.3	753
3300006106-bin.26	k__Archaea	4.23	0.97	346553	76	43.8	419
3300006106-bin.3	c__Betaproteobacteria	66.18	1.05	850954	140	36.6	1014
3300006106-bin.4	o__Actinomycetales	40.18	1.47	644609	149	50.3	736
3300006106-bin.5	o__Burkholderiales	9.30	0.00	321639	100	56.6	375
3300006106-bin.6	o__Burkholderiales	40.45	0.36	1129017	286	42.9	1245
3300006106-bin.7	k__Bacteria	92.91	1.18	1786885	235	54.4	1807
3300006106-bin.8	k__Bacteria	32.76	0.00	899121	231	45.5	1095
3300006106-bin.9	k__Bacteria	25.00	0.00	504766	137	46.0	603
3300006107-bin.1	root	4.17	0.00	251492	77	45.3	349
3300006107-bin.10	root	0.00	0.00	261999	64	41.6	265
3300006107-bin.11	o__Rhizobiales	41.23	0.63	1370196	336	54.7	1655
3300006107-bin.12	o__Rhizobiales	21.77	0.00	1174635	317	62.0	1357
3300006107-bin.13	k__Bacteria	32.68	1.72	596465	157	45.9	723
3300006107-bin.14	k__Bacteria	39.67	0.00	673549	154	50.3	825
3300006107-bin.15	k__Bacteria	99.77	2.07	2616191	97	54.8	2418
3300006107-bin.16	c__Betaproteobacteria	55.47	0.51	701226	131	36.4	868
3300006107-bin.17	root	8.33	0.00	513318	105	44.3	637
3300006107-bin.18	c__Betaproteobacteria	20.47	0.00	598137	169	51.0	744
3300006107-bin.19	k__Bacteria	12.07	0.00	233518	70	62.2	287
3300006107-bin.2	k__Bacteria	22.74	0.00	536760	147	57.4	619
3300006107-bin.20	root	0.00	0.00	433634	37	36.8	573
3300006107-bin.21	k__Bacteria	17.24	0.00	343249	101	63.6	453
3300006107-bin.22	p__Bacteroidetes	96.06	1.25	3874599	390	34.0	3407
3300006107-bin.23	o__Actinomycetales	40.61	0.84	644435	132	46.2	770
3300006107-bin.24	k__Archaea	5.78	0.00	378550	43	25.5	400
3300006107-bin.3	k__Bacteria	14.64	0.00	3124482	986	41.1	4819
3300006107-bin.4	k__Bacteria	18.26	0.00	1199595	326	68.0	1407
3300006107-bin.5	k__Bacteria	17.40	0.00	300664	84	47.0	375
3300006107-bin.6	k__Archaea	4.45	0.00	401552	82	44.1	449
3300006107-bin.7	k__Bacteria	21.72	0.34	391289	101	46.1	480
3300006107-bin.8	o__Burkholderiales	47.88	0.62	1868938	445	60.2	2196
3300006107-bin.9	o__Rhizobiales	72.84	1.33	1932562	326	48.4	2078
3300006108-bin.1	k__Bacteria	34.87	3.45	449934	123	53.3	551
3300006108-bin.10	root	0.00	0.00	321300	22	33.4	447
3300006108-bin.11	k__Bacteria	87.43	0.00	660268	18	34.9	677
3300006108-bin.12	o__Rhizobiales	80.06	1.32	2128448	332	48.5	2266
3300006108-bin.13	c__Gammaproteobacteria	87.23	0.89	2359068	253	54.7	2438
3300006108-bin.14	root	0.00	0.00	248482	10	51.6	354
3300006108-bin.15	o__Actinomycetales	47.56	0.26	698863	146	46.2	844
3300006108-bin.16	k__Bacteria	95.88	3.04	2452054	242	45.7	2532
3300006108-bin.17	k__Archaea	3.51	0.36	223402	2	52.3	271
3300006108-bin.18	k__Bacteria	18.97	0.00	461742	138	33.9	486
3300006108-bin.19	k__Archaea	5.38	0.00	367711	64	45.4	429
3300006108-bin.2	c__Betaproteobacteria	68.10	2.00	916465	153	36.5	1083
3300006108-bin.20	k__Bacteria	18.97	0.00	464652	128	46.9	557
3300006108-bin.21	root	4.17	0.00	369056	107	66.3	435
3300006108-bin.22	k__Bacteria	61.11	1.69	1365261	299	62.0	1401
3300006108-bin.23	k__Bacteria	5.86	0.00	336753	98	61.7	393
3300006108-bin.24	k__Bacteria	86.73	2.20	2179022	239	41.7	2005
3300006108-bin.25	k__Bacteria	12.41	0.00	470370	130	46.1	566
3300006108-bin.26	root	0.00	0.00	427206	59	51.2	533
3300006108-bin.27	o__Actinomycetales	40.82	0.09	577423	139	51.2	695
3300006108-bin.28	o__Actinomycetales	66.52	3.50	1017831	204	50.1	1163
3300006108-bin.3	root	0.00	0.00	273720	84	46.3	337
3300006108-bin.4	k__Archaea	3.51	0.43	203354	13	42.0	269
3300006108-bin.5	k__Bacteria	20.52	0.00	457176	130	56.0	521
3300006108-bin.6	root	4.17	0.00	317912	89	64.3	378
3300006108-bin.7	o__Burkholderiales	61.26	1.47	1553038	328	37.8	1835
3300006108-bin.8	k__Bacteria	59.23	1.28	819458	165	50.4	955
3300006108-bin.9	k__Bacteria	84.62	3.70	1139566	180	63.2	1248
3300006109-bin.1	k__Bacteria	95.63	1.10	2681270	177	45.9	2594
3300006109-bin.10	c__Gammaproteobacteria	54.77	1.23	1720751	434	47.8	1945
3300006109-bin.11	k__Archaea	4.45	0.50	405836	61	44.2	447
3300006109-bin.12	root	0.00	0.00	402904	30	51.5	481
3300006109-bin.13	k__Bacteria	85.65	0.43	1101410	170	62.3	1245
3300006109-bin.14	p__Bacteroidetes	75.31	2.13	4375362	754	42.2	4240
3300006109-bin.15	k__Bacteria	4.39	0.00	714720	135	42.5	824
3300006109-bin.16	root	0.00	0.00	322370	16	31.1	495
3300006109-bin.17	o__Burkholderiales	49.42	0.32	830700	205	46.0	988
3300006109-bin.18	k__Archaea	5.85	0.00	395254	32	25.7	416
3300006109-bin.19	k__Bacteria	1.17	0.81	246765	57	45.9	307
3300006109-bin.2	k__Bacteria	37.44	1.08	1838142	476	42.6	1889
3300006109-bin.20	k__Archaea	5.38	0.43	562757	36	36.0	617
3300006109-bin.21	k__Bacteria	49.14	1.72	1796682	430	56.0	1901
3300006109-bin.22	k__Bacteria	17.77	0.16	588667	162	54.4	647
3300006109-bin.23	k__Bacteria	97.73	1.92	2584562	83	45.9	2457
3300006109-bin.24	k__Archaea	4.45	0.50	462848	23	22.4	452
3300006109-bin.25	root	0.00	0.00	321026	15	43.6	414
3300006109-bin.26	k__Bacteria	33.78	0.00	593354	155	52.1	700
3300006109-bin.27	k__Archaea	1.37	0.00	260504	63	45.5	315
3300006109-bin.28	k__Bacteria	12.80	0.00	447453	137	48.2	525
3300006109-bin.3	c__Gammaproteobacteria	21.52	0.00	539481	162	49.0	641
3300006109-bin.4	c__Betaproteobacteria	76.97	2.03	1169134	174	44.3	1321
3300006109-bin.5	k__Bacteria	97.97	3.51	3681724	113	56.9	3190
3300006109-bin.6	k__Archaea	3.04	0.50	425580	62	44.0	471
3300006109-bin.7	k__Bacteria	46.39	0.00	711281	172	62.0	851
3300006109-bin.8	k__Bacteria	34.64	0.00	644584	152	49.9	778
3300006109-bin.9	o__Actinomycetales	57.20	0.59	1010875	191	50.0	1137
3300006110-bin.1	k__Bacteria	19.65	0.00	538190	110	64.0	632
3300006110-bin.10	k__Archaea	4.91	0.50	504952	7	45.0	491
3300006110-bin.11	k__Archaea	4.45	0.50	453998	28	22.3	449
3300006110-bin.12	k__Bacteria	29.82	0.00	516599	132	65.3	635
3300006110-bin.13	k__Bacteria	77.16	0.72	1903769	277	41.7	1806
3300006110-bin.14	o__Actinomycetales	71.59	0.08	1241941	198	50.0	1360
3300006110-bin.15	k__Bacteria	98.99	1.35	2200990	54	55.4	2012
3300006110-bin.16	o__Rhizobiales	77.15	2.06	4295151	758	61.7	4660
3300006110-bin.17	c__Betaproteobacteria	27.01	0.00	648553	184	51.4	805
3300006110-bin.18	k__Bacteria	35.70	0.00	595886	161	54.8	694
3300006110-bin.19	k__Bacteria	17.71	0.00	308660	86	45.6	379
3300006110-bin.2	root	4.17	0.00	245589	69	44.4	307
3300006110-bin.20	k__Bacteria	5.26	0.00	236567	75	49.3	287
3300006110-bin.21	o__Actinomycetales	57.35	1.23	847652	161	46.3	978
3300006110-bin.22	k__Archaea	3.44	0.36	211651	16	56.3	277
3300006110-bin.23	k__Bacteria	5.96	0.00	275156	72	45.7	323
3300006110-bin.24	k__Bacteria	18.97	0.00	368121	91	50.3	441
3300006110-bin.25	o__Actinomycetales	43.72	1.71	679051	167	51.3	815
3300006110-bin.3	k__Bacteria	12.02	0.00	232703	68	54.7	291
3300006110-bin.4	o__Actinomycetales	55.17	0.84	1008362	209	52.2	1183
3300006110-bin.5	k__Bacteria	24.71	0.00	813413	236	64.1	975
3300006110-bin.6	k__Bacteria	17.59	0.00	276930	79	47.1	325
3300006110-bin.7	p__Cyanobacteria	8.15	0.51	1511254	303	53.8	1591
3300006110-bin.8	k__Bacteria	76.32	1.57	1489931	216	62.0	1589
3300006110-bin.9	k__Bacteria	53.03	0.00	648597	156	62.4	782
3300006111-bin.1	k__Bacteria	4.14	0.00	279314	88	56.7	311
3300006111-bin.10	k__Bacteria	97.39	1.65	2611305	197	46.0	2537
3300006111-bin.11	root	0.00	0.00	213278	52	67.2	240
3300006111-bin.12	k__Bacteria	42.45	1.49	1407568	348	54.4	1508
3300006111-bin.13	k__Bacteria	98.65	2.70	3710089	73	56.9	3161
3300006111-bin.14	o__Actinomycetales	39.12	0.00	774056	174	52.1	900
3300006111-bin.15	k__Bacteria	86.11	1.01	2228240	225	41.7	2024
3300006111-bin.16	o__Rhizobiales	83.68	1.99	2206460	334	48.5	2328
3300006111-bin.17	k__Archaea	3.98	0.07	461004	39	43.9	499
3300006111-bin.18	k__Bacteria	98.86	2.47	2583461	87	45.8	2463
3300006111-bin.19	k__Bacteria	29.79	0.00	401096	106	62.5	477
3300006111-bin.2	k__Bacteria	6.90	0.00	425556	127	51.1	517
3300006111-bin.20	o__Burkholderiales	59.20	0.56	1568997	367	49.7	1763
3300006111-bin.21	o__Actinomycetales	37.31	0.53	462641	122	46.4	577
3300006111-bin.22	k__Bacteria	32.23	0.88	1020286	284	69.0	1111
3300006111-bin.23	o__Burkholderiales	45.86	0.19	745163	188	46.1	910
3300006111-bin.24	k__Bacteria	28.76	1.72	917435	261	34.9	1017
3300006111-bin.25	k__Bacteria	84.19	2.14	2845294	425	56.4	2776
3300006111-bin.26	root	0.00	0.00	321675	20	31.1	493
3300006111-bin.27	k__Archaea	5.85	0.00	392058	47	25.5	438
3300006111-bin.3	k__Archaea	1.97	0.36	280118	68	22.4	313
3300006111-bin.4	k__Bacteria	31.90	0.00	579397	139	48.4	650
3300006111-bin.5	k__Bacteria	35.92	0.86	720988	172	50.1	862
3300006111-bin.6	k__Bacteria	60.50	0.00	984910	160	50.1	1087
3300006111-bin.7	o__Actinomycetales	63.30	1.58	1000501	186	51.3	1145
3300006111-bin.8	k__Archaea	4.45	0.50	398411	61	44.7	448
3300006111-bin.9	c__Betaproteobacteria	73.84	0.64	1102651	179	44.3	1261
3300006112-bin.1	root	0.00	0.00	263725	34	39.4	299
3300006112-bin.10	k__Bacteria	75.41	1.90	1977657	266	41.7	1847
3300006112-bin.11	k__Bacteria	33.62	0.00	555863	136	46.9	665
3300006112-bin.12	root	0.00	0.00	346568	11	39.9	462
3300006112-bin.13	k__Bacteria	20.85	0.00	586285	130	50.5	647
3300006112-bin.14	root	0.00	0.00	262775	24	30.6	343
3300006112-bin.15	c__Betaproteobacteria	63.95	0.71	2024743	422	51.3	2291
3300006112-bin.16	o__Actinomycetales	41.36	0.00	543505	114	46.3	650
3300006112-bin.17	k__Bacteria	53.55	1.28	792771	163	50.3	916
3300006112-bin.18	k__Bacteria	3.33	0.00	270419	81	54.5	322
3300006112-bin.19	p__Bacteroidetes	56.40	0.25	1746159	379	34.8	1691
3300006112-bin.2	k__Bacteria	17.24	0.00	236261	71	44.5	272
3300006112-bin.20	root	0.00	0.00	312677	34	39.7	445
3300006112-bin.21	o__Burkholderiales	89.42	2.51	2170935	250	57.0	2244
3300006112-bin.22	k__Bacteria	26.18	0.00	433215	106	62.2	510
3300006112-bin.23	k__Bacteria	0.00	0.00	350076	24	38.3	455
3300006112-bin.24	k__Bacteria	87.34	0.00	2099208	156	40.3	1831
3300006112-bin.25	k__Bacteria	40.20	0.68	739939	199	55.3	858
3300006112-bin.26	k__Bacteria	25.95	0.71	535908	152	55.9	621
3300006112-bin.27	k__Bacteria	6.90	0.00	351586	104	34.1	394
3300006112-bin.28	k__Bacteria	56.03	3.45	1195831	192	46.2	1297
3300006112-bin.29	o__Actinomycetales	44.64	0.53	738610	172	51.2	865
3300006112-bin.3	k__Bacteria	18.03	0.00	569081	152	45.9	667
3300006112-bin.30	root	0.00	0.00	390515	52	43.7	478
3300006112-bin.31	k__Bacteria	8.81	0.00	320012	94	42.6	368
3300006112-bin.32	c__Betaproteobacteria	23.65	0.03	291004	79	36.6	367
3300006112-bin.4	k__Bacteria	6.90	0.00	348534	108	65.0	435
3300006112-bin.5	k__Bacteria	79.70	1.64	1080066	186	63.1	1221
3300006112-bin.6	k__Bacteria	12.07	0.00	388822	89	50.3	440
3300006112-bin.7	k__Bacteria	25.86	0.00	507315	120	52.7	578
3300006112-bin.8	o__Burkholderiales	15.52	0.00	422770	123	55.2	526
3300006112-bin.9	k__Bacteria	46.98	0.00	882063	182	53.4	1004
3300006113-bin.1	o__Actinomycetales	56.48	0.78	901873	164	50.0	998
3300006113-bin.10	k__Bacteria	46.71	0.86	2447752	570	57.1	2335
3300006113-bin.11	o__Burkholderiales	33.91	0.07	579733	158	46.2	696
3300006113-bin.12	k__Bacteria	65.47	4.39	2401988	458	54.4	2450
3300006113-bin.13	k__Bacteria	41.38	0.00	731509	154	50.2	842
3300006113-bin.14	o__Rhizobiales	78.22	1.07	2031776	318	48.6	2167
3300006113-bin.15	k__Bacteria	98.49	1.10	2777860	185	45.8	2691
3300006113-bin.16	k__Bacteria	97.42	1.92	2567682	78	45.9	2428
3300006113-bin.17	k__Bacteria	67.59	2.42	1875141	234	61.4	1962
3300006113-bin.18	k__Bacteria	25.67	0.68	1030691	275	56.9	1107
3300006113-bin.19	o__Actinomycetales	34.31	1.08	468615	123	51.3	575
3300006113-bin.2	root	0.00	0.00	355870	108	57.2	424
3300006113-bin.20	k__Bacteria	20.80	0.00	203932	62	63.2	247
3300006113-bin.21	k__Bacteria	17.24	1.72	619173	186	56.1	708
3300006113-bin.22	k__Bacteria	36.65	0.00	1014304	254	70.7	1200
3300006113-bin.23	k__Bacteria	76.15	1.88	807897	73	38.9	863
3300006113-bin.24	o__Actinomycetales	23.23	0.00	578528	169	68.5	704
3300006113-bin.25	k__Bacteria	34.48	0.00	474121	127	48.6	530
3300006113-bin.26	c__Gammaproteobacteria	61.33	0.57	1315818	298	54.5	1454
3300006113-bin.27	p__Bacteroidetes	55.76	0.00	2609030	590	37.3	2581
3300006113-bin.28	c__Gammaproteobacteria	44.89	0.22	1392165	356	62.7	1512
3300006113-bin.29	o__Actinomycetales	50.26	0.26	860105	192	52.4	1040
3300006113-bin.3	root	0.00	0.00	320629	25	31.1	501
3300006113-bin.4	k__Bacteria	9.57	0.00	432614	128	69.2	471
3300006113-bin.5	k__Bacteria	21.16	1.72	473931	136	42.0	525
3300006113-bin.6	k__Bacteria	10.53	0.00	531050	155	61.3	586
3300006113-bin.7	k__Bacteria	85.91	5.20	2897176	384	56.5	2808
3300006113-bin.8	k__Bacteria	97.97	2.70	3693077	73	57.0	3143
3300006113-bin.9	root	0.00	0.00	313621	47	51.3	403
3300006114-bin.1	k__Bacteria	8.62	0.00	263472	86	65.5	313
3300006114-bin.10	k__Bacteria	15.52	0.00	250162	72	50.9	304
3300006114-bin.11	k__Archaea	3.51	0.65	208256	26	39.0	277
3300006114-bin.12	c__Betaproteobacteria	64.52	0.62	794847	136	36.6	952
3300006114-bin.13	k__Bacteria	6.82	0.00	365773	108	62.0	439
3300006114-bin.14	root	0.00	0.00	302032	57	39.7	403
3300006114-bin.15	c__Betaproteobacteria	25.79	0.03	879295	240	51.0	1046
3300006114-bin.16	root	0.00	0.00	287464	34	39.9	360
3300006114-bin.17	root	0.00	0.00	342653	28	40.1	426
3300006114-bin.18	o__Sphingomonadales	85.82	1.16	2545673	385	66.7	2666
3300006114-bin.19	root	0.00	0.00	312152	25	38.3	353
3300006114-bin.2	k__Bacteria	34.48	0.00	544859	137	52.6	627
3300006114-bin.20	k__Bacteria	63.76	0.43	855931	176	50.5	998
3300006114-bin.21	k__Bacteria	31.03	0.00	319552	78	46.1	374
3300006114-bin.22	root	0.00	0.00	276494	46	37.0	359
3300006114-bin.23	k__Bacteria	34.48	0.00	482530	119	53.3	562
3300006114-bin.24	root	0.00	0.00	272317	23	30.6	362
3300006114-bin.25	k__Archaea	4.16	0.50	271594	58	45.7	344
3300006114-bin.26	k__Bacteria	0.00	0.00	325905	24	38.9	413
3300006114-bin.27	c__Gammaproteobacteria	96.01	0.57	2250245	138	55.1	2109
3300006114-bin.28	k__Archaea	5.78	0.00	383429	41	25.7	409
3300006114-bin.29	root	0.00	0.00	369635	29	39.2	510
3300006114-bin.3	k__Archaea	2.11	0.29	222025	28	36.4	254
3300006114-bin.30	root	0.00	0.00	219136	15	36.0	261
3300006114-bin.31	k__Bacteria	90.50	1.28	1237312	167	63.0	1362
3300006114-bin.32	k__Bacteria	76.30	0.00	594157	37	34.9	620
3300006114-bin.33	o__Burkholderiales	56.01	1.03	1596504	383	49.4	1776
3300006114-bin.34	root	0.00	0.00	334392	21	36.9	390
3300006114-bin.35	k__Bacteria	37.72	0.00	273444	65	39.2	333
3300006114-bin.36	o__Actinomycetales	44.50	1.08	607910	126	50.3	696
3300006114-bin.37	k__Bacteria	0.00	0.00	291573	37	38.7	374
3300006114-bin.38	k__Bacteria	17.89	0.08	330966	78	64.2	397
3300006114-bin.39	c__Gammaproteobacteria	9.63	0.00	270306	82	54.3	347
3300006114-bin.4	o__Burkholderiales	11.46	0.00	232392	66	46.3	275
3300006114-bin.40	k__Bacteria	26.49	0.00	400165	111	46.9	488
3300006114-bin.41	k__Bacteria	82.71	3.09	1134730	179	62.3	1255
3300006114-bin.42	k__Bacteria	19.83	0.00	442333	123	46.9	522
3300006114-bin.43	k__Bacteria	66.88	1.15	1701715	301	41.7	1647
3300006114-bin.44	k__Bacteria	63.49	0.85	1186815	201	64.1	1303
3300006114-bin.45	o__Burkholderiales	49.60	1.11	1397912	348	45.1	1546
3300006114-bin.46	root	0.00	0.00	267848	69	25.2	441
3300006114-bin.47	k__Bacteria	10.34	0.00	214779	63	45.7	275
3300006114-bin.5	k__Bacteria	78.02	0.43	1129671	191	54.5	1269
3300006114-bin.6	o__Burkholderiales	20.33	0.39	406266	118	56.9	480
3300006114-bin.7	k__Bacteria	8.62	0.00	283878	86	45.4	343
3300006114-bin.8	root	0.00	0.00	295784	20	37.9	354
3300006114-bin.9	o__Actinomycetales	78.18	1.35	1126441	175	51.0	1246
3300006115-bin.1	root	0.00	0.00	269406	33	38.3	349
3300006115-bin.10	root	0.00	0.00	317697	38	39.5	423
3300006115-bin.11	k__Bacteria	0.00	0.00	304249	12	40.0	361
3300006115-bin.12	root	0.00	0.00	321453	26	38.4	353
3300006115-bin.13	root	0.00	0.00	286874	38	37.7	356
3300006115-bin.14	k__Bacteria	20.70	0.00	460334	91	64.3	557
3300006115-bin.15	root	0.00	0.00	340987	25	38.0	397
3300006115-bin.16	k__Bacteria	55.87	0.34	1406418	294	41.5	1429
3300006115-bin.17	root	0.00	0.00	331820	17	36.8	386
3300006115-bin.18	k__Bacteria	33.62	0.00	544433	139	52.4	623
3300006115-bin.19	k__Bacteria	0.00	0.00	362676	9	39.2	483
3300006115-bin.2	root	0.00	0.00	1037846	323	28.1	1257
3300006115-bin.20	k__Bacteria	0.00	0.00	338023	22	38.8	420
3300006115-bin.21	k__Bacteria	77.16	0.00	603299	31	34.9	627
3300006115-bin.22	root	0.00	0.00	295736	34	37.1	389
3300006115-bin.23	root	0.00	0.00	325311	21	39.9	404
3300006115-bin.24	k__Bacteria	76.19	2.14	1135216	170	63.2	1254
3300006115-bin.25	k__Bacteria	75.64	0.74	1083983	191	54.6	1243
3300006115-bin.26	root	0.00	0.00	270305	30	30.5	354
3300006115-bin.27	k__Bacteria	49.21	0.43	647201	146	50.3	773
3300006115-bin.28	k__Bacteria	65.52	0.00	1003701	178	64.2	1113
3300006115-bin.29	root	0.00	0.00	282909	78	45.7	340
3300006115-bin.3	root	8.33	0.00	250087	76	46.8	290
3300006115-bin.30	root	0.00	0.00	245774	62	25.3	424
3300006115-bin.31	k__Bacteria	49.29	0.00	637998	141	50.5	721
3300006115-bin.32	k__Bacteria	12.85	0.00	474463	140	43.7	556
3300006115-bin.33	c__Betaproteobacteria	12.70	0.00	469988	141	51.1	597
3300006115-bin.34	root	0.00	0.00	260898	30	35.5	300
3300006115-bin.35	c__Gammaproteobacteria	21.95	0.00	554079	144	52.5	598
3300006115-bin.36	c__Betaproteobacteria	74.07	0.98	925745	150	36.5	1087
3300006115-bin.37	k__Archaea	5.78	0.00	390675	42	25.9	428
3300006115-bin.38	k__Bacteria	75.59	0.43	1002050	181	62.3	1130
3300006115-bin.39	k__Bacteria	44.83	1.72	635829	150	53.4	740
3300006115-bin.4	k__Archaea	2.12	0.22	342218	70	36.1	398
3300006115-bin.40	o__Actinomycetales	36.03	0.00	457778	121	51.0	577
3300006115-bin.41	k__Bacteria	26.45	0.00	266117	78	51.1	328
3300006115-bin.5	k__Archaea	4.30	0.58	371801	62	45.7	444
3300006115-bin.6	k__Archaea	3.20	0.14	384171	63	46.8	422
3300006115-bin.7	root	0.00	0.00	313963	49	40.8	422
3300006115-bin.8	root	0.00	0.00	325296	32	46.5	435
3300006115-bin.9	k__Bacteria	0.00	0.00	267888	41	39.8	341
3300006116-bin.1	root	0.00	0.00	263312	38	38.6	351
3300006116-bin.10	o__Actinomycetales	64.21	0.29	942537	195	51.1	1078
3300006116-bin.11	root	0.00	0.00	297444	21	36.6	336
3300006116-bin.12	k__Archaea	5.38	0.50	465175	44	45.8	511
3300006116-bin.13	root	0.00	0.00	300923	49	39.9	397
3300006116-bin.14	root	12.50	0.00	257776	66	63.4	306
3300006116-bin.15	k__Bacteria	14.11	0.00	429943	134	69.5	478
3300006116-bin.16	c__Gammaproteobacteria	74.31	1.25	1949643	284	54.9	1970
3300006116-bin.17	k__Bacteria	77.25	1.71	1099425	197	54.5	1264
3300006116-bin.18	root	0.00	0.00	309732	32	31.3	395
3300006116-bin.19	k__Bacteria	0.00	0.00	328919	13	40.1	371
3300006116-bin.2	c__Betaproteobacteria	68.13	1.14	859665	140	36.5	1022
3300006116-bin.20	root	0.00	0.00	344795	8	43.0	461
3300006116-bin.21	k__Bacteria	81.45	0.34	655225	42	34.9	699
3300006116-bin.22	root	0.00	0.00	329860	13	40.4	431
3300006116-bin.23	k__Bacteria	81.72	0.34	2129889	239	41.7	1961
3300006116-bin.24	k__Archaea	5.85	0.00	383401	39	25.8	416
3300006116-bin.25	o__Actinomycetales	53.61	0.18	770039	159	50.5	871
3300006116-bin.26	k__Bacteria	67.24	0.00	1078635	196	64.2	1190
3300006116-bin.27	root	0.00	0.00	274884	25	41.2	410
3300006116-bin.28	k__Bacteria	22.76	0.00	393707	110	51.1	471
3300006116-bin.29	root	0.00	0.00	325766	21	38.5	354
3300006116-bin.3	k__Bacteria	88.66	2.14	1582619	129	62.0	1594
3300006116-bin.30	k__Bacteria	58.19	0.86	754206	164	53.2	850
3300006116-bin.31	k__Bacteria	10.34	0.00	215357	64	62.7	252
3300006116-bin.32	k__Archaea	3.38	0.36	280530	62	44.1	338
3300006116-bin.33	k__Bacteria	0.00	0.00	342682	32	39.1	479
3300006116-bin.34	k__Bacteria	59.79	2.56	915556	183	50.5	1092
3300006116-bin.35	o__Burkholderiales	34.75	0.47	723963	206	57.3	872
3300006116-bin.36	k__Bacteria	29.31	0.00	553216	138	52.3	630
3300006116-bin.37	k__Bacteria	12.07	0.00	336733	102	34.4	394
3300006116-bin.38	root	0.00	0.00	321517	29	46.4	433
3300006116-bin.39	root	0.00	0.00	311629	29	37.1	400
3300006116-bin.4	c__Betaproteobacteria	92.29	0.96	2828134	340	51.4	2999
3300006116-bin.40	k__Bacteria	18.97	0.00	462231	128	47.1	550
3300006116-bin.41	k__Bacteria	12.07	0.00	305067	93	44.7	387
3300006116-bin.42	o__Actinomycetales	27.61	0.08	406650	98	46.0	485
3300006116-bin.5	k__Bacteria	16.90	0.85	307448	75	64.1	386
3300006116-bin.6	k__Bacteria	8.62	0.00	341175	106	66.8	418
3300006116-bin.7	k__Bacteria	76.69	2.14	1099863	192	63.1	1249
3300006116-bin.8	k__Bacteria	9.48	0.00	232283	66	61.3	286
3300006116-bin.9	o__Actinomycetales	50.76	0.00	725448	164	46.0	856
3300006117-bin.1	k__Bacteria	66.53	1.28	985140	187	62.3	1091
3300006117-bin.10	root	0.00	0.00	270557	22	39.1	357
3300006117-bin.11	k__Bacteria	13.69	0.00	319629	67	63.9	379
3300006117-bin.12	k__Bacteria	31.11	0.00	1021100	287	63.9	1166
3300006117-bin.13	k__Bacteria	29.31	0.00	373569	104	52.3	454
3300006117-bin.14	k__Archaea	3.44	0.36	214005	5	56.3	270
3300006117-bin.15	root	0.00	0.00	347548	31	39.8	398
3300006117-bin.16	k__Bacteria	0.00	0.00	313852	28	41.1	413
3300006117-bin.17	k__Bacteria	52.76	0.00	707708	162	53.4	801
3300006117-bin.18	k__Bacteria	89.45	3.51	1637820	174	62.0	1669
3300006117-bin.19	k__Bacteria	99.66	1.35	2239691	39	55.4	2041
3300006117-bin.2	root	8.33	0.00	223019	69	44.7	264
3300006117-bin.20	k__Bacteria	28.61	0.00	495195	137	52.4	614
3300006117-bin.21	root	6.25	0.00	454606	119	63.4	559
3300006117-bin.22	k__Bacteria	85.10	1.15	2113125	268	41.7	1959
3300006117-bin.23	root	0.00	0.00	488792	78	38.8	660
3300006117-bin.24	p__Bacteroidetes	72.94	0.74	2947711	592	38.5	2867
3300006117-bin.25	k__Bacteria	48.28	0.00	752719	174	47.2	886
3300006117-bin.26	c__Betaproteobacteria	52.50	0.47	1612144	374	51.2	1869
3300006117-bin.27	k__Bacteria	58.62	0.00	838081	187	50.5	965
3300006117-bin.28	k__Bacteria	17.24	0.00	222955	53	50.5	253
3300006117-bin.29	k__Archaea	4.91	0.50	498024	7	45.5	508
3300006117-bin.3	o__Actinomycetales	79.95	1.40	1442053	180	49.9	1554
3300006117-bin.4	k__Bacteria	15.52	0.00	512610	139	63.3	626
3300006117-bin.5	root	0.00	0.00	312916	31	38.5	355
3300006117-bin.6	o__Actinomycetales	49.23	0.18	936064	195	51.7	1035
3300006117-bin.7	k__Bacteria	55.78	0.43	1115975	217	64.2	1259
3300006117-bin.8	k__Bacteria	0.00	0.00	324199	14	47.0	423
3300006117-bin.9	o__Actinomycetales	40.23	0.05	608826	129	46.2	703
3300006118-bin.1	c__Betaproteobacteria	53.49	1.31	668320	130	36.6	820
3300006118-bin.10	root	0.00	0.00	277943	58	33.0	294
3300006118-bin.11	root	0.00	0.00	275291	15	35.2	319
3300006118-bin.12	k__Bacteria	68.31	2.14	1085528	193	62.1	1244
3300006118-bin.13	k__Archaea	4.55	0.00	432118	87	43.5	499
3300006118-bin.14	root	0.00	0.00	229323	34	34.3	276
3300006118-bin.15	k__Bacteria	16.55	0.00	262698	74	50.1	307
3300006118-bin.16	k__Bacteria	85.19	0.00	706216	44	39.4	765
3300006118-bin.17	root	0.00	0.00	257960	18	35.7	312
3300006118-bin.18	k__Bacteria	83.41	3.41	2137225	268	41.8	2020
3300006118-bin.19	c__Gammaproteobacteria	86.41	2.57	2414882	276	54.7	2546
3300006118-bin.2	k__Bacteria	30.25	0.00	635514	162	45.9	770
3300006118-bin.20	root	0.00	0.00	1051318	279	68.5	1169
3300006118-bin.21	c__Alphaproteobacteria	61.27	0.16	2330291	525	64.6	2569
3300006118-bin.22	o__Rhizobiales	41.20	0.78	906624	224	49.8	1013
3300006118-bin.23	k__Bacteria	73.47	0.43	1041804	180	62.3	1139
3300006118-bin.24	root	0.00	0.00	302260	44	35.9	402
3300006118-bin.25	o__Actinomycetales	20.27	0.00	376586	93	51.3	454
3300006118-bin.26	k__Bacteria	8.93	0.00	320136	96	61.2	353
3300006118-bin.27	k__Archaea	3.04	0.50	476903	39	46.5	512
3300006118-bin.28	c__Betaproteobacteria	30.58	0.43	402947	104	44.3	492
3300006118-bin.29	o__Burkholderiales	13.67	0.00	248862	73	46.7	316
3300006118-bin.3	k__Bacteria	13.79	0.00	267140	79	50.1	324
3300006118-bin.4	o__Actinomycetales	59.29	0.86	812735	152	46.3	941
3300006118-bin.5	k__Archaea	2.58	0.36	358067	55	47.1	430
3300006118-bin.6	root	0.00	0.00	314520	31	36.3	386
3300006118-bin.7	k__Bacteria	48.28	0.00	698707	151	53.4	809
3300006118-bin.8	k__Bacteria	44.32	0.43	796407	167	50.2	941
3300006118-bin.9	root	0.00	0.00	251507	48	41.8	391
3300006119-bin.1	k__Bacteria	31.90	0.00	503608	130	53.2	580
3300006119-bin.10	k__Archaea	3.51	0.50	228811	11	53.2	268
3300006119-bin.11	k__Bacteria	39.06	1.01	894532	245	59.4	986
3300006119-bin.12	k__Bacteria	64.10	0.43	841275	168	50.5	996
3300006119-bin.13	root	0.00	0.00	222504	5	34.8	291
3300006119-bin.14	k__Bacteria	17.24	0.00	383043	106	64.0	455
3300006119-bin.15	c__Betaproteobacteria	54.34	0.59	708521	141	36.6	860
3300006119-bin.16	k__Bacteria	68.63	0.05	1685117	280	40.4	1588
3300006119-bin.17	k__Bacteria	0.00	0.00	220306	42	39.1	291
3300006119-bin.18	o__Actinomycetales	61.84	3.59	830209	155	46.3	960
3300006119-bin.19	k__Bacteria	55.78	0.71	1406423	289	41.7	1418
3300006119-bin.2	k__Bacteria	92.21	1.57	1239814	157	62.3	1336
3300006119-bin.20	root	0.00	0.00	243860	52	41.1	343
3300006119-bin.21	k__Bacteria	20.69	0.00	270421	79	50.3	332
3300006119-bin.22	o__Burkholderiales	20.82	0.00	283874	85	46.0	368
3300006119-bin.23	k__Archaea	3.04	0.50	494511	40	46.6	546
3300006119-bin.24	k__Archaea	3.51	0.43	220609	14	54.7	269
3300006119-bin.25	k__Bacteria	0.00	0.00	273744	48	38.5	369
3300006119-bin.26	root	0.00	0.00	262417	30	35.8	332
3300006119-bin.27	k__Bacteria	37.62	0.00	295325	76	39.4	386
3300006119-bin.28	k__Bacteria	16.07	0.95	216900	63	63.8	282
3300006119-bin.29	root	0.00	0.00	268512	44	36.1	366
3300006119-bin.3	k__Archaea	3.51	0.43	215355	16	54.5	285
3300006119-bin.30	root	0.00	0.00	263831	43	41.8	404
3300006119-bin.31	k__Bacteria	61.00	0.68	1145163	253	61.8	1271
3300006119-bin.32	k__Bacteria	23.67	0.00	459463	139	54.6	546
3300006119-bin.4	k__Bacteria	1.94	0.97	412922	103	41.6	477
3300006119-bin.5	root	0.00	0.00	212009	35	34.2	246
3300006119-bin.6	k__Archaea	3.44	0.00	379970	71	43.3	448
3300006119-bin.7	k__Archaea	4.46	0.14	407361	69	47.0	465
3300006119-bin.8	k__Bacteria	68.29	2.55	1233920	213	62.0	1385
3300006119-bin.9	c__Gammaproteobacteria	92.06	0.91	3000888	313	62.7	2883
3300006120-bin.1	k__Bacteria	0.00	0.00	267598	33	39.3	321
3300006120-bin.10	k__Bacteria	0.00	0.00	314808	12	40.4	406
3300006120-bin.11	k__Bacteria	90.85	2.14	1226143	155	63.1	1340
3300006120-bin.12	k__Bacteria	64.93	2.36	2214380	452	56.4	2279
3300006120-bin.13	root	0.00	0.00	322316	38	57.2	525
3300006120-bin.14	k__Bacteria	18.25	0.00	343690	93	53.4	414
3300006120-bin.15	root	0.00	0.00	281517	10	36.7	374
3300006120-bin.16	root	0.00	0.00	323265	24	31.1	505
3300006120-bin.17	k__Bacteria	51.03	0.00	707967	137	49.9	789
3300006120-bin.18	k__Bacteria	96.90	1.65	2475603	183	45.8	2447
3300006120-bin.19	o__Burkholderiales	49.84	0.41	815600	194	46.1	971
3300006120-bin.2	k__Bacteria	94.26	1.10	2478419	250	46.0	2441
3300006120-bin.20	k__Bacteria	73.59	2.56	1758630	280	61.5	1904
3300006120-bin.21	root	0.00	0.00	247654	34	35.5	334
3300006120-bin.22	k__Bacteria	35.34	0.00	652427	145	50.1	766
3300006120-bin.23	root	0.00	0.00	219781	26	54.7	341
3300006120-bin.24	k__Bacteria	13.33	0.00	411243	107	40.0	452
3300006120-bin.25	k__Bacteria	17.84	0.00	388974	115	34.4	466
3300006120-bin.26	k__Bacteria	19.53	0.16	468667	132	45.3	573
3300006120-bin.27	k__Bacteria	21.58	0.43	344199	96	50.3	427
3300006120-bin.28	k__Bacteria	0.00	0.00	242101	31	35.1	310
3300006120-bin.29	o__Rhizobiales	17.73	0.31	454949	130	48.3	536
3300006120-bin.3	root	0.00	0.00	346024	4	34.7	443
3300006120-bin.30	root	0.00	0.00	272193	7	45.2	285
3300006120-bin.31	k__Bacteria	98.65	3.38	3737765	82	56.9	3194
3300006120-bin.32	k__Bacteria	86.28	0.16	650164	42	34.9	686
3300006120-bin.33	k__Bacteria	0.00	0.00	356808	23	42.8	477
3300006120-bin.34	k__Bacteria	46.11	1.58	2187535	543	57.2	2131
3300006120-bin.4	k__Bacteria	3.51	0.00	303661	93	40.1	374
3300006120-bin.5	o__Actinomycetales	45.99	0.57	678556	154	46.4	796
3300006120-bin.6	k__Bacteria	43.10	0.00	777913	195	46.4	940
3300006120-bin.7	k__Bacteria	18.97	0.00	878602	237	54.2	980
3300006120-bin.8	k__Bacteria	28.33	0.00	659591	180	41.4	699
3300006120-bin.9	root	0.00	0.00	318010	30	43.7	422
3300006121-bin.1	o__Actinomycetales	55.99	0.04	749487	137	46.4	877
3300006121-bin.10	root	0.00	0.00	350672	56	43.8	443
3300006121-bin.11	k__Bacteria	17.40	0.00	250633	75	54.5	319
3300006121-bin.12	k__Bacteria	81.72	0.68	2113792	248	41.8	1950
3300006121-bin.13	k__Bacteria	22.57	0.00	706761	145	50.4	777
3300006121-bin.14	root	0.00	0.00	318041	4	39.8	426
3300006121-bin.15	k__Bacteria	37.93	1.72	664642	146	50.2	740
3300006121-bin.16	root	0.00	0.00	259135	48	38.0	359
3300006121-bin.17	k__Bacteria	48.28	1.72	1050942	225	46.1	1198
3300006121-bin.18	root	8.33	0.00	473403	45	61.7	499
3300006121-bin.19	k__Bacteria	6.90	0.00	211477	62	47.0	249
3300006121-bin.2	k__Bacteria	29.31	0.00	381776	98	53.2	433
3300006121-bin.20	c__Betaproteobacteria	74.24	0.99	934934	141	36.6	1093
3300006121-bin.21	k__Bacteria	60.72	1.28	931123	181	50.5	1072
3300006121-bin.22	k__Bacteria	18.97	0.00	441878	120	46.0	520
3300006121-bin.23	k__Bacteria	86.50	0.00	2039982	220	40.4	1859
3300006121-bin.24	k__Bacteria	21.85	0.00	363322	90	33.5	429
3300006121-bin.25	root	0.00	0.00	306795	29	31.1	411
3300006121-bin.3	k__Bacteria	20.45	0.00	381588	107	62.4	455
3300006121-bin.4	c__Gammaproteobacteria	26.95	0.19	665436	182	54.5	809
3300006121-bin.5	o__Burkholderiales	23.71	0.00	596655	174	57.0	689
3300006121-bin.6	c__Betaproteobacteria	49.02	1.07	1495377	356	51.4	1725
3300006121-bin.7	root	25.00	0.00	700310	157	52.4	796
3300006121-bin.8	c__Alphaproteobacteria	40.84	0.43	1332866	345	65.2	1523
3300006121-bin.9	k__Bacteria	81.01	4.16	1189420	175	63.1	1314
3300006122-bin.1	o__Actinomycetales	11.27	0.00	351636	104	66.5	414
3300006122-bin.10	k__Bacteria	27.43	0.00	557819	159	45.9	687
3300006122-bin.11	k__Bacteria	21.47	1.72	414516	111	47.0	498
3300006122-bin.12	k__Bacteria	14.03	0.00	476493	131	50.8	564
3300006122-bin.13	k__Bacteria	34.48	0.00	495398	119	50.3	572
3300006122-bin.14	o__Burkholderiales	29.93	0.00	780622	220	42.4	897
3300006122-bin.15	k__Bacteria	53.45	1.72	719933	161	53.4	823
3300006122-bin.16	k__Bacteria	12.93	0.00	332382	96	45.4	395
3300006122-bin.2	k__Bacteria	51.49	0.68	897251	215	61.7	1062
3300006122-bin.3	c__Betaproteobacteria	64.34	0.51	782809	138	36.5	941
3300006122-bin.4	k__Bacteria	58.78	1.60	829223	167	50.6	985
3300006122-bin.5	k__Bacteria	63.35	0.68	1721749	270	41.6	1674
3300006122-bin.6	k__Bacteria	89.42	2.56	1118130	164	62.3	1238
3300006122-bin.7	k__Bacteria	84.33	0.00	674497	45	39.5	733
3300006122-bin.8	o__Actinomycetales	41.11	0.53	670352	175	51.3	802
3300006122-bin.9	o__Actinomycetales	52.64	0.08	775132	157	46.3	912
3300006123-bin.1	k__Bacteria	42.71	0.00	658281	154	50.3	750
3300006123-bin.10	root	0.00	0.00	319862	21	43.1	432
3300006123-bin.11	k__Bacteria	63.27	1.28	779656	168	62.7	897
3300006123-bin.12	k__Bacteria	25.56	0.63	3553956	1090	43.6	6155
3300006123-bin.13	k__Bacteria	88.92	0.00	658679	19	34.9	682
3300006123-bin.14	k__Bacteria	80.60	1.38	1154946	180	62.9	1248
3300006123-bin.15	k__Bacteria	87.34	0.00	2111055	151	40.3	1849
3300006123-bin.16	root	0.00	0.00	250196	32	30.7	351
3300006123-bin.17	k__Bacteria	88.92	1.22	2221044	235	41.8	2036
3300006123-bin.18	c__Betaproteobacteria	80.01	0.57	1022813	84	36.6	1142
3300006123-bin.19	k__Bacteria	37.44	0.00	651691	142	54.4	764
3300006123-bin.2	root	0.00	0.00	337095	8	39.7	460
3300006123-bin.20	root	0.00	0.00	295741	13	37.0	403
3300006123-bin.21	o__Actinomycetales	85.45	1.08	1249690	127	51.0	1312
3300006123-bin.22	k__Bacteria	39.21	1.28	664395	127	50.4	763
3300006123-bin.23	k__Bacteria	30.17	5.17	453557	117	53.5	528
3300006123-bin.24	o__Actinomycetales	57.97	0.53	810183	146	46.3	943
3300006123-bin.25	k__Bacteria	31.03	3.45	538880	137	45.9	646
3300006123-bin.26	k__Bacteria	14.11	0.00	459365	100	50.6	535
3300006123-bin.27	k__Bacteria	53.25	1.10	925290	240	45.6	1083
3300006123-bin.28	root	0.00	0.00	283657	23	45.0	318
3300006123-bin.29	root	0.00	0.00	256448	38	32.5	354
3300006123-bin.3	k__Bacteria	1.72	0.00	425482	132	54.7	515
3300006123-bin.30	k__Bacteria	24.29	0.00	1184168	317	64.8	1364
3300006123-bin.31	k__Bacteria	0.00	0.00	331576	39	42.8	462
3300006123-bin.32	o__Rhizobiales	31.65	0.31	1017140	281	55.4	1222
3300006123-bin.4	k__Bacteria	25.00	0.00	512658	134	46.9	611
3300006123-bin.5	o__Burkholderiales	17.00	0.00	331008	105	57.3	417
3300006123-bin.6	root	0.00	0.00	413947	103	43.4	645
3300006123-bin.7	k__Bacteria	31.90	0.00	555891	140	52.4	647
3300006123-bin.8	o__Burkholderiales	15.76	0.00	249327	68	46.5	275
3300006123-bin.9	k__Bacteria	0.00	0.00	320448	31	40.4	428
3300006124-bin.1	root	4.17	0.00	269553	83	42.9	321
3300006124-bin.10	k__Archaea	4.46	0.00	600863	126	22.8	618
3300006124-bin.11	k__Bacteria	12.85	0.00	220478	68	47.6	268
3300006124-bin.12	o__Actinomycetales	86.97	1.32	1478155	59	50.2	1500
3300006124-bin.13	k__Bacteria	9.17	0.00	391115	120	51.3	480
3300006124-bin.14	p__Bacteroidetes	94.80	0.74	3652908	288	34.7	3215
3300006124-bin.15	k__Archaea	4.45	0.50	439136	40	22.3	447
3300006124-bin.16	k__Archaea	4.45	0.50	770039	74	37.4	820
3300006124-bin.2	k__Bacteria	16.44	0.00	336005	108	39.2	423
3300006124-bin.3	k__Archaea	2.54	0.07	341131	58	37.9	352
3300006124-bin.4	c__Gammaproteobacteria	94.12	0.75	2933503	213	49.0	2815
3300006124-bin.5	k__Bacteria	7.68	0.00	229107	70	45.9	271
3300006124-bin.6	k__Bacteria	6.77	3.61	1136562	199	32.6	1264
3300006124-bin.7	k__Bacteria	34.80	0.00	413808	118	52.2	508
3300006124-bin.8	k__Bacteria	18.10	0.00	930070	167	45.0	1077
3300006124-bin.9	f__Flavobacteriaceae	33.95	0.44	1113437	301	33.0	1193
3300006125-bin.1	o__Burkholderiales	80.26	3.01	2336572	398	49.6	2507
3300006125-bin.10	o__Burkholderiales	16.82	0.16	449348	141	49.6	529
3300006125-bin.11	k__Bacteria	15.86	0.00	491696	141	45.0	622
3300006125-bin.12	k__Bacteria	0.00	0.00	273093	42	38.8	399
3300006125-bin.13	o__Burkholderiales	63.09	0.80	1568072	360	38.0	1834
3300006125-bin.14	k__Archaea	3.51	0.79	231338	31	38.9	315
3300006125-bin.15	k__Bacteria	70.73	1.28	1049532	181	61.1	1193
3300006125-bin.16	k__Bacteria	89.34	0.00	655692	20	34.9	680
3300006125-bin.17	k__Bacteria	75.68	0.00	616883	89	39.5	710
3300006125-bin.18	o__Actinomycetales	38.05	0.00	610028	144	50.7	696
3300006125-bin.19	k__Bacteria	69.47	0.19	852388	176	63.1	969
3300006125-bin.2	k__Bacteria	22.41	0.00	314860	93	46.9	361
3300006125-bin.20	k__Bacteria	19.91	0.00	304217	89	47.1	367
3300006125-bin.21	root	0.00	0.00	607270	145	41.3	673
3300006125-bin.22	k__Archaea	3.98	0.29	383849	61	23.3	455
3300006125-bin.23	root	4.17	0.00	289196	84	61.4	355
3300006125-bin.24	root	0.00	0.00	303928	89	66.0	357
3300006125-bin.25	k__Bacteria	17.24	0.00	213863	56	45.8	235
3300006125-bin.26	c__Gammaproteobacteria	76.82	0.04	2515981	419	62.9	2550
3300006125-bin.27	k__Bacteria	46.55	0.00	909798	176	50.4	1058
3300006125-bin.28	o__Burkholderiales	14.90	0.12	296354	91	55.5	375
3300006125-bin.29	c__Betaproteobacteria	53.92	0.69	694936	142	36.4	840
3300006125-bin.3	k__Bacteria	45.69	1.72	673928	155	51.3	755
3300006125-bin.30	o__Burkholderiales	78.83	2.83	1785640	368	57.1	1982
3300006125-bin.31	k__Bacteria	17.24	1.72	300981	86	50.0	364
3300006125-bin.32	k__Bacteria	9.48	0.00	267481	78	46.8	327
3300006125-bin.33	c__Alphaproteobacteria	96.30	0.87	2273642	101	59.0	2301
3300006125-bin.4	k__Bacteria	81.00	2.36	2139618	243	41.7	1964
3300006125-bin.5	p__Bacteroidetes	96.99	0.74	2267385	117	34.5	2113
3300006125-bin.6	k__Archaea	5.85	0.00	388722	37	25.7	420
3300006125-bin.7	k__Bacteria	41.81	0.00	551716	147	55.0	640
3300006125-bin.8	k__Bacteria	37.93	0.00	591634	132	53.0	664
3300006125-bin.9	k__Bacteria	83.97	1.28	1214935	156	62.3	1318
3300006126-bin.1	p__Bacteroidetes	40.68	0.00	2335082	591	42.0	2489
3300006126-bin.10	k__Bacteria	65.67	1.72	1002362	155	50.2	1086
3300006126-bin.11	k__Bacteria	94.55	5.54	3051932	326	56.6	2921
3300006126-bin.12	k__Bacteria	63.59	4.27	1599374	279	61.6	1757
3300006126-bin.13	p__Bacteroidetes	53.74	1.72	2741862	614	36.9	2749
3300006126-bin.14	k__Bacteria	80.96	7.09	2627039	417	54.4	2657
3300006126-bin.15	p__Cyanobacteria	9.59	0.57	1615536	351	50.5	1786
3300006126-bin.16	k__Bacteria	98.90	1.92	2755693	178	45.9	2700
3300006126-bin.17	k__Bacteria	47.88	0.86	744278	170	50.2	862
3300006126-bin.18	k__Bacteria	98.65	2.70	3695855	64	57.0	3158
3300006126-bin.19	o__Burkholderiales	52.85	0.53	854058	200	46.1	997
3300006126-bin.2	k__Archaea	3.16	0.00	215449	51	25.8	266
3300006126-bin.20	c__Betaproteobacteria	16.25	0.00	239451	69	43.9	319
3300006126-bin.21	o__Actinomycetales	51.20	1.10	1091839	202	52.2	1231
3300006126-bin.22	o__Burkholderiales	23.30	0.47	1238782	343	56.3	1423
3300006126-bin.23	root	0.00	0.00	208237	34	50.2	220
3300006126-bin.24	k__Bacteria	46.33	0.68	1151559	264	41.5	1193
3300006126-bin.25	o__Rhizobiales	74.68	0.93	2052897	319	48.5	2198
3300006126-bin.26	k__Bacteria	83.05	0.00	827893	39	38.9	846
3300006126-bin.27	c__Gammaproteobacteria	73.48	0.47	2701850	412	62.7	2713
3300006126-bin.3	k__Bacteria	30.86	0.00	1045313	269	57.3	1126
3300006126-bin.4	k__Bacteria	47.47	2.03	2161419	523	57.1	2104
3300006126-bin.5	k__Archaea	2.73	0.00	263214	25	31.2	331
3300006126-bin.6	k__Bacteria	98.86	1.92	2587454	83	45.9	2455
3300006126-bin.7	k__Bacteria	27.98	0.00	721619	203	70.5	853
3300006126-bin.8	c__Gammaproteobacteria	55.72	0.18	1515647	313	54.5	1636
3300006126-bin.9	k__Bacteria	39.97	0.00	798067	183	48.5	915
3300006127-bin.1	k__Archaea	4.62	0.00	409210	56	45.8	482
3300006127-bin.10	k__Archaea	5.07	0.29	372395	61	43.9	432
3300006127-bin.11	k__Bacteria	52.55	0.00	354408	81	34.9	422
3300006127-bin.12	k__Bacteria	64.61	0.14	969905	186	54.6	1122
3300006127-bin.13	k__Bacteria	55.17	1.72	561477	137	50.4	656
3300006127-bin.14	root	0.00	0.00	327596	33	38.5	423
3300006127-bin.15	k__Bacteria	25.03	0.00	288000	88	45.8	352
3300006127-bin.16	root	0.00	0.00	329988	40	40.8	448
3300006127-bin.17	k__Bacteria	74.12	1.45	1342905	181	64.1	1457
3300006127-bin.18	k__Bacteria	83.52	0.72	2128264	260	41.7	1989
3300006127-bin.19	k__Bacteria	61.99	0.00	498922	93	39.4	608
3300006127-bin.2	k__Bacteria	78.90	2.66	1077395	180	62.4	1181
3300006127-bin.20	k__Archaea	5.49	0.00	302535	60	25.4	342
3300006127-bin.21	root	0.00	0.00	292891	25	41.9	399
3300006127-bin.22	root	0.00	0.00	219933	4	36.8	281
3300006127-bin.23	k__Bacteria	19.75	0.00	496740	132	46.9	586
3300006127-bin.24	root	0.00	0.00	325350	13	40.2	428
3300006127-bin.25	root	0.00	0.00	453800	43	33.2	615
3300006127-bin.26	root	0.00	0.00	318933	21	38.6	357
3300006127-bin.27	root	0.00	0.00	326293	35	36.2	421
3300006127-bin.28	c__Betaproteobacteria	90.90	0.71	2949515	304	51.1	3067
3300006127-bin.29	k__Archaea	3.69	0.14	221838	59	32.6	245
3300006127-bin.3	root	0.00	0.00	222446	39	34.3	269
3300006127-bin.30	k__Bacteria	29.31	0.00	472642	117	52.7	542
3300006127-bin.31	root	0.00	0.00	238484	41	36.7	376
3300006127-bin.32	k__Bacteria	56.03	1.72	769401	161	53.3	862
3300006127-bin.33	root	16.67	0.00	545657	145	46.0	646
3300006127-bin.34	root	0.00	0.00	311904	26	37.0	389
3300006127-bin.35	root	0.00	0.00	287807	23	30.6	383
3300006127-bin.36	root	0.00	0.00	305944	29	37.9	338
3300006127-bin.37	root	0.00	0.00	322685	32	46.5	429
3300006127-bin.38	k__Bacteria	80.88	1.85	1005155	176	63.1	1139
3300006127-bin.39	c__Betaproteobacteria	61.94	1.39	832119	147	36.4	998
3300006127-bin.4	k__Bacteria	0.00	0.00	326814	13	40.0	371
3300006127-bin.40	root	0.00	0.00	270559	41	34.2	396
3300006127-bin.41	o__Actinomycetales	46.87	0.26	642129	132	46.2	766
3300006127-bin.42	root	0.00	0.00	287134	36	40.6	425
3300006127-bin.43	o__Burkholderiales	25.33	0.00	561565	158	46.1	710
3300006127-bin.5	o__Burkholderiales	74.48	0.74	1745290	370	56.8	1922
3300006127-bin.6	root	0.00	0.00	266006	13	41.0	350
3300006127-bin.7	k__Bacteria	58.74	2.14	865333	171	50.5	995
3300006127-bin.8	root	0.00	0.00	252950	43	35.0	331
3300006127-bin.9	k__Bacteria	15.76	0.00	428330	74	64.2	491
3300006128-bin.1	root	0.00	0.00	297851	65	43.8	384
3300006128-bin.10	k__Archaea	5.78	0.00	342911	42	25.4	375
3300006128-bin.11	k__Bacteria	39.29	0.00	632031	149	61.9	770
3300006128-bin.12	k__Bacteria	17.59	0.00	798780	192	53.1	948
3300006128-bin.13	root	0.00	0.00	1063494	335	27.8	1113
3300006128-bin.14	k__Bacteria	1.88	0.00	556759	64	30.4	698
3300006128-bin.15	k__Bacteria	99.66	0.68	2591648	91	54.8	2390
3300006128-bin.16	k__Bacteria	44.29	0.00	570906	147	60.9	702
3300006128-bin.17	root	0.00	0.00	276813	36	41.0	425
3300006128-bin.18	o__Rhizobiales	39.14	0.31	939328	238	47.7	1066
3300006128-bin.19	root	0.00	0.00	494066	17	37.3	590
3300006128-bin.2	k__Bacteria	48.52	0.00	980213	242	60.2	1090
3300006128-bin.20	root	0.00	0.00	323911	28	37.0	409
3300006128-bin.21	root	0.00	0.00	274925	53	51.1	408
3300006128-bin.22	k__Bacteria	0.00	0.00	330092	37	36.8	428
3300006128-bin.23	k__Bacteria	17.24	0.00	499957	137	45.5	610
3300006128-bin.24	k__Bacteria	0.00	0.00	327913	19	34.7	411
3300006128-bin.25	root	0.00	0.00	230187	45	29.7	314
3300006128-bin.26	k__Archaea	5.38	0.50	477463	51	45.7	528
3300006128-bin.27	o__Actinomycetales	23.30	0.08	326965	87	51.2	413
3300006128-bin.28	k__Bacteria	0.00	0.00	283099	34	46.7	416
3300006128-bin.29	k__Bacteria	20.69	0.00	302726	84	61.7	355
3300006128-bin.3	k__Bacteria	0.00	0.00	327710	13	35.8	408
3300006128-bin.30	root	0.00	0.00	293308	47	35.9	364
3300006128-bin.31	root	0.00	0.00	261492	47	34.8	371
3300006128-bin.32	k__Bacteria	0.00	0.00	344295	38	44.0	441
3300006128-bin.33	root	0.00	0.00	263767	47	37.2	330
3300006128-bin.34	root	4.17	0.00	274891	80	64.0	344
3300006128-bin.4	k__Bacteria	45.28	1.72	788470	191	46.3	936
3300006128-bin.5	k__Bacteria	35.69	0.00	708694	169	46.0	836
3300006128-bin.6	c__Betaproteobacteria	62.06	0.85	814589	138	36.5	982
3300006128-bin.7	o__Actinomycetales	46.20	0.92	670418	143	46.2	805
3300006128-bin.8	k__Bacteria	44.57	0.00	689354	146	50.4	808
3300006128-bin.9	root	0.00	0.00	221035	37	37.5	291
3300006129-bin.1	root	0.00	0.00	481227	27	37.1	593
3300006129-bin.10	k__Bacteria	45.55	13.41	24767353	6357	45.0	40093
3300006129-bin.11	o__Rhizobiales	97.96	0.94	2903193	51	56.2	2788
3300006129-bin.12	k__Bacteria	44.83	0.00	1152141	218	46.2	1287
3300006129-bin.13	root	0.00	0.00	280262	42	43.5	408
3300006129-bin.14	k__Bacteria	44.54	0.00	994882	215	63.2	1088
3300006129-bin.15	o__Actinomycetales	58.49	0.27	745178	136	46.2	858
3300006129-bin.16	k__Archaea	5.38	0.58	463993	38	43.8	490
3300006129-bin.17	root	0.00	0.00	363717	62	51.1	463
3300006129-bin.18	o__Rhizobiales	21.52	0.00	445061	119	50.7	501
3300006129-bin.19	root	0.00	0.00	347932	52	43.6	420
3300006129-bin.2	root	0.00	0.00	404869	25	37.5	579
3300006129-bin.20	root	4.17	0.00	250934	58	61.7	288
3300006129-bin.21	k__Bacteria	75.09	1.28	1098164	179	63.2	1243
3300006129-bin.22	o__Burkholderiales	98.40	0.30	3733924	242	61.6	3776
3300006129-bin.23	k__Bacteria	78.26	1.71	1166018	159	61.2	1289
3300006129-bin.24	k__Bacteria	17.24	0.00	318703	90	47.2	396
3300006129-bin.25	k__Bacteria	83.96	0.85	1215979	166	62.3	1329
3300006129-bin.26	k__Bacteria	75.01	0.10	1306211	231	53.0	1500
3300006129-bin.27	k__Bacteria	0.00	0.00	311133	25	46.9	430
3300006129-bin.28	k__Bacteria	0.00	0.00	289706	50	35.8	393
3300006129-bin.29	k__Archaea	4.45	0.50	401175	45	46.3	458
3300006129-bin.3	k__Archaea	2.30	0.07	241740	53	25.6	263
3300006129-bin.4	k__Bacteria	100.00	1.35	2627453	33	54.7	2366
3300006129-bin.5	k__Bacteria	30.59	0.43	446013	112	50.5	561
3300006129-bin.6	k__Bacteria	34.64	0.17	752751	205	66.6	894
3300006129-bin.7	o__Burkholderiales	40.53	1.63	698169	178	46.0	823
3300006129-bin.8	k__Bacteria	91.45	1.28	1813477	243	64.1	1950
3300006129-bin.9	c__Alphaproteobacteria	58.74	1.62	2296502	546	64.3	2566
